year,lon,atl,Alk-N,Aspect,AP,Elevation,AK,TN,TP,Slope,SK,pH,PET,TMP,PRE,NDVI,SOM
1982,110.431738,36.678228,,347.447,,664,,0.213,0.447,42.883,,8.275,1187.6,11.5,508.8,1288,2.33
1982,110.477028,34.940324,,211.381,,351,,0.463,0.527,2.172,,8.025,1237.5,13.692,592.9,1719,5.3
1982,110.524792,34.908831,,0,,351,,0.486,0.426,4.627,,8.92,1229.3,13.75,597.9,1287,4.52
1982,110.589127,36.81788635,,109.811,,1116,,0.497,0.54,23.261,,8.2,1115.6,9.633,527.2,1664,6.8
1982,110.599546,36.556695,,217.456,,1080,,0.398,0.512,14.847,,,1128.9,10.367,539.5,1859,5.08
1982,110.601131,35.315788,,162.966,,631,,0.402,0.284,3.874,,8.56,1182.3,12.4,585.3,2231,5.22
1982,110.658377,38.095502,,215.219,,1051,,0.19,0.525,10.111,,8.05,1114.3,8.975,469.8,1320,2.88
1982,110.6877136,35.221404,,129.246,,567,,0.685,0.55,2.929,,8.375,1194.5,12.767,578.3,2110,8.8
1982,110.697403,35.650907,,292.112,,439,,0.424,0.472,2.463,,8.28,1196.1,13.7,591.6,1746,4.7
1982,110.713109,35.701043,,230.921,,499,,0.38,0.505,2.94,,8.4,1194.8,13.358,588.2,1986,5.3
1982,110.750507,34.736175,,129.413,,576,,0.41,0.996,1.461,,8.171,1187.5,13.117,629.2,2101,6.2
1982,110.754718,35.676626,,112.105,,486,,0.415,0.39,2.463,,8.3,1202.5,13.525,587.6,2355,8.18
1982,110.833446,34.957006,,74.72,,348,,0.54,0.623,3.515,,8.1,1237.5,13.917,595.1,632,7.25
1982,110.840991,37.479871,,78.779,,905,,0.35,0.582,9.446,,8.26,1141.2,9.933,490.9,1388,5.1
1982,110.841997,35.242748,,0,,533,,0.43,0.19,0.927,,8,1214.1,13,592,2040,2.17
1982,110.853638,35.145644,,0,,396,,0.434,0.61,0.927,,9.14,1230.9,13.35,575,1990,5.36
1982,110.877124,34.94063187,,118.657,,356,,0.377,0.52,3.862,,8.65,1228.2,14.092,608.6,632,5.13
1982,110.889848,37.702319,,42.466,,776,,0.416,1.28,32.472,,8.36,1165.2,10.025,482.8,1376,6.24
1982,110.904292,37.640608,,56.177,,968,,0.152,0.594,17.739,,8.4,1119.8,9.45,494.9,1358,3.06
1982,110.916708,34.75937653,,242.821,,469,,0.476,0.926,19.514,,8.02,1170.1,13.392,626.7,1763,6.66
1982,110.921331,37.093588,,299.672,,1031,,0.356,0.652,9.286,,8.378,1109.8,9.333,511.2,2110,4.76
1982,110.969178,35.474872,,0,,543,,0.444,0.554,1.854,,8.36,1211.5,12.758,601.6,2187,6.04
1982,111.007535,35.03487396,,230.689,,367,,0.653,0.523,1.464,,8.467,1184.1,14.242,636.4,606,10.27
1982,111.062718,34.819631,,146.18,,521,,0.35,0.354,21.291,,8.28,1158.3,13.192,635.6,1760,4.74
1982,111.071798,35.71468353,,202.32,,532,,0.778,0.522,3.005,,8.18,1203.6,12.692,588.5,2316,18.1
1982,111.079189,38.318303,,221.739,,1181,,0.275,0.587,12.24,,8.175,1098.5,8.183,483.7,1466,4.28
1982,111.153988,37.42127228,,320.829,,1102,,0.538,0.568,19.543,,7.76,1085.2,9.1,503.6,1626,7.4
1982,111.160139,35.27589798,,129.227,,450,,0.53,0.678,1.466,,8.28,1228.8,13.142,589.5,2150,6.6
1982,111.1617661,35.464307,,0,,690,,0.296,0.508,0,,7.88,1172.4,12.242,610.9,1676,5.8
1982,111.163589,35.176808,,328.545,,385,,0.504,0.202,2.173,,8.94,1233.9,13.583,591.6,1627,7.1
1982,111.233664,35.568378,,191.579,,419,,0.448,0.612,5.662,,8.36,1214.9,13.25,583.5,1969,5.9
1982,111.234255,35.60621643,,129.112,,391,,0.498,0.564,1.47,,7.94,1226.7,13.358,588.4,1908,9.2
1982,111.2531185,35.83722504,,129.031,,545,,0.822,0.465,1.472,,8.275,1219.1,12.508,582,2168,16.45
1982,111.329149,38.525209,,97.429,,1237,,0.31,0.568,7.136,,8.12,1019.7,7.183,479.3,2495,3.44
1982,111.358542,35.353587,,180,,540,,0.326,0.628,1.854,,7.84,1206.9,12.892,599.3,1859,5.02
1982,111.364994,35.336818,,67.81,,537,,0.518,0.844,2.454,,8,1203.3,12.908,596,1859,9.26
1982,111.3946304,36.07817841,,157.587,,466,,1.533,0.81,3.007,,7.967,1196.7,12.933,569.7,2436,36
1982,111.424482,34.884051,,39.101,,513,,0.59,0.306,3.581,,8.34,1136.5,13.008,656.7,1919,6.78
1982,111.430929,37.602714,,0,,1375,,0.715,0.535,1.854,,6.967,988.5,6.692,513.7,2902,6.63
1982,111.440046,36.062389,,51.049,,423,,1.612,0.74,2.948,,8.16,1198.1,13.133,561.2,2191,33.78
1982,111.458451,36.74813843,,299.784,,1169,,0.46,0.32,18.05,,8.275,1108.7,9.842,533,2009,5.8
1982,111.4601974,37.071776,,8.229,,1154,,0.71,0.54,23.038,,8.25,1103.2,9.483,521.5,2182,8.5
1982,111.487275,35.662406,,270,,453,,0.995,0.558,1.141,,8.05,1220.2,13.075,592.2,1656,11.8
1982,111.518871,36.925796,,108.912,,931,,0.566,0.582,16.682,,8.3,1145.6,10.2,521.1,2182,11.42
1982,111.526625,35.471106,,180,,628,,0.404,0.294,1.854,,8.2,1187.8,12.5,607.8,1727,5.64
1982,111.599632,38.237612,,273.907,,1261,,0.66,0.84,25.413,,8.025,1067.6,7.517,477.1,1764,8.1
1982,111.6151962,35.72553635,,309.07,,551,,0.728,0.43,2.941,,8.4,1211,12.817,606.3,2299,8.6
1982,111.626096,36.561121,,300.292,,766,,0.468,0.46,14.399,,7.96,1160.6,11.45,526.5,1702,6.52
1982,111.6377945,35.767462,,270,,645,,0.494,0.528,2.285,,8.36,1198.6,12.6,610.7,2142,5.76
1982,111.648882,37.18727875,,128.543,,893,,0.538,0.483,1.488,,8.033,1166.8,10.633,508.5,1451,9.55
1982,111.6536331,36.529554,,154.422,,727,,0.458,0,13.132,,7.967,1157.5,11.675,528.6,1702,6.2
1982,111.675672,35.294452,,235.778,,561,,0.608,0.772,8.19,,8.3,1172.3,13,630.6,2335,8.3
1982,111.714208,38.755696,,270,,1572,,0.4,0.47,5.926,,8.3,925.6,4.517,472.8,1422,5.63
1982,111.727723,37.867677,,244.089,,2111,,0.333,0.63,16.508,,7.017,817.3,3.325,542.4,3913,5.52
1982,111.735005,38.856641,,101.017,,1543,,0.322,0.64,4.842,,8.5,1004.4,5.592,464.9,1427,4.36
1982,111.745782,38.832847,,270,,1523,,0.264,0.396,7.107,,8.21,979,5.533,467.5,1422,5.08
1982,111.751997,36.299011,,231.133,,500,,1.045,0.53,2.953,,8.05,1182.7,12.208,549.2,2017,20.62
1982,111.7567139,35.744169,,122.996,,605,,0.403,0.43,6.781,,8.067,1186.7,12.725,613.6,2371,5.5
1982,111.761634,35.704442,,0,,631,,0.618,0.55,1.854,,8.28,1179.6,12.542,620.3,2371,8.08
1982,111.770687,36.585458,,320.299,,636,,0.66,0.675,7.195,,8.075,1200.3,11.65,553.7,2005,12.83
1982,111.784976,35.104596,,222.513,,430,,0.535,0.69,19.36,,7.637,1178.9,13.875,630,1673,4.8
1982,111.803552,36.35268021,,248.066,,856,,0.262,0.352,4.954,,,1132.4,11.158,589.5,2491,5.43
1982,111.855367,39.532144,,185.11,,1329,,0.565,0.475,25.235,,8.05,992.8,5.933,394.6,1569,7.18
1982,111.881413,37.154092,,242.016,,732,,0.747,0.57,3.947,,8.217,1208.5,11.15,492.9,1783,11.07
1982,111.884475,37.09851456,,248.258,,729,,0.333,0.497,4.995,,8.167,1198,11.342,495.9,1783,6.25
1982,111.891114,36.023523,,301.24,,881,,0.494,0.612,5.349,,8.38,1146.3,11.1,609.2,2049,7.86
1982,111.892872,39.33632278,,312.061,,1425,,0.41,0.553,9.6,,8.45,980.9,5.3,419.8,1573,6.73
1982,111.893794,38.425531,,32.547,,1378,,0.42,0.46,2.2,,8.4,1045.6,7.117,468.2,1583,4.5
1982,111.916481,37.340333,,51.514,,746,,0.382,0.6,1.49,,8.1,1194,10.883,477.5,1401,5.57
1982,112.025336,37.301282,,32.152,,739,,0.427,0.573,2.19,,8.117,1192.9,10.683,468.9,1598,4.57
1982,112.065648,35.457509,,68.716,,1531,,0.735,0.183,26.13,,6.875,857.9,8.825,699.9,3912,14.38
1982,112.089158,35.932275,,235.99,,1190,,0.52,0.306,8.234,,8.24,1046.5,9.25,652.7,2882,6.74
1982,112.089662,39.513918,,353.569,,1560,,0.628,0.484,20.54,,8.66,954.4,4.942,398.4,1383,10.78
1982,112.092965,37.234353,,90,,742,,0.34,0.53,1.165,,7.72,1181.5,10.775,470.7,1451,4.98
1982,112.100713,36.631139,,175.251,,1685,,1.218,0.572,13.693,,6.64,853.4,6.4,638.8,4459,27.74
1982,112.156719,38.962539,,253.744,,2406,,2.008,0.7,9.842,,6.8,621.3,0.467,514.4,3673,49.86
1982,112.168602,38.943152,,110.225,,2231,,1.48,0.605,22.852,,6.925,681,1.5,516.8,2729,31.1
1982,112.213893,37.592146,,157.185,,781,,0.65,0.314,3.016,,7.57,1155.6,10.675,463.5,1610,10.52
1982,112.224715,36.32891464,,130.563,,1105,,0.68,0.54,22.938,,,1045.4,9.433,604.7,3182,9.78
1982,112.265562,37.168567,,327.893,,836,,0.56,0.54,4.371,,7.88,1165.2,10.5,495.2,1895,8.68
1982,112.29245,37.623428,,102.751,,818,,0.24,0.487,8.345,,8,1132.6,10.617,448.5,1490,4.47
1982,112.293773,36.361386,,285.026,,975,,0.458,0.428,14.023,,8,1122.9,9.775,604.4,2091,5.24
1982,112.295779,39.067964,,270,,1335,,0.568,0.69,1.194,,8.16,994.7,6.975,427.1,1533,11.8
1982,112.304965,37.625593,,242.165,,817,,0.454,0.292,3.966,,7.96,1139.4,10.35,443.9,1490,6.18
1982,112.310551,37.686318,,79.246,,1157,,0.6,0.147,27.498,,8.175,1059.1,9.467,468.5,1664,16.55
1982,112.355434,35.563479,,67.867,,830,,0.85,0.252,12.124,,7.92,1131.5,11.742,652.9,1762,7.2
1982,112.366197,35.367716,,219.267,,864,,0.728,0.298,7.151,,8.075,1037.6,10.9,673.6,2216,14.1
1982,112.372827,38.054484,,85.178,,1497,,1.055,0.553,30.014,,8.3,958,7.458,468.4,2372,20.4
1982,112.385178,39.36781693,,147.107,,1120,,0.498,0.514,2.208,,8.3,1099.6,8,398.8,1520,13.18
1982,112.426173,38.71900177,,333.759,,1987,,0.835,0.53,13.204,,6.6,785.7,2.7,523.2,2663,11.75
1982,112.449293,36.228572,,114.747,,1126,,0.543,0.647,8.793,,,1096.7,9.317,640.4,2614,7.03
1982,112.463203,37.647306,,270,,765,,0.41,0.399,1.171,,8.114,1156.2,10.475,454.1,1508,5.23
1982,112.491334,35.454702,,346.205,,648,,0.44,0.362,4.764,,7.42,1136.5,12.583,645.4,1961,2.98
1982,112.4992447,37.746257,,51.665,,778,,1.405,1.153,2.988,,7.8,1111.1,10.683,451.2,1753,37.43
1982,112.513148,37.865062,,90,,787,,0.567,0.397,1.175,,8.067,1113.8,10.575,449.4,1051,11.6
1982,112.5331116,35.292888,,232.373,,697,,0.937,0.643,24.263,,8.133,1045.5,11.683,665.4,2893,18.2
1982,112.545307,35.63022995,,216.435,,660,,0.652,0.358,5.745,,7.82,1144.7,12.333,632.8,1500,10.12
1982,112.559285,35.404733,,216.358,,562,,0.587,0.223,31.091,,7.867,1154.4,12.6,628.4,1963,5.7
1982,112.570972,36.01762009,,254.911,,1178,,0.442,0.228,3.558,,8.067,1065.9,9.558,666.6,1638,5.42
1982,112.572925,37.557055,,51.594,,771,,0.382,0.678,1.493,,7.84,1183.1,10.583,460.2,1483,4.42
1982,112.575177,35.738192,,230.934,,774,,0.482,0.378,15.777,,7.8,1151.5,11.608,640.1,1756,5.92
1982,112.582653,39.783904,,307.541,,1403,,0.553,0.517,1.522,,8.25,1014.6,5.133,389.9,1388,8.43
1982,112.583688,37.654416,,90,,769,,0.895,0.853,2.342,,7.9,1171,10.442,450.8,1384,13.43
1982,112.608562,37.563603,,0,,781,,0.458,0.692,0,,7.925,1178.7,10.542,459.2,1455,8.43
1982,112.6231766,40.154801,,352.546,,1732,,1.294,0.718,9.272,,7.22,853.9,3.6,395.6,1939,14.58
1982,112.624947,35.709169,,180,,814,,0.393,0.317,9.195,,8.15,1108.8,11.15,656.1,2047,5.65
1982,112.6784744,37.54688644,,0,,805,,0.663,0.48,0.927,,8.2,1167.9,10.517,470.6,1417,11.18
1982,112.683823,37.54785156,,345.842,,807,,0.43,0.658,4.772,,8.025,1167.9,10.508,470,1417,7.5
1982,112.702431,38.196609,,180,,1017,,0.225,0.483,2.78,,8.25,1125.7,8.842,432.3,1437,4.35
1982,112.706132,40.04542542,,33.15,,1333,,0.39,0.495,4.422,,8.35,1023.4,5.842,365.1,1014,3.85
1982,112.7158508,37.712885,,22.849,,803,,0.416,0.546,3.017,,7.9,1136.1,10.6,444.6,1303,7.52
1982,112.724797,38.315585,,180,,824,,0.43,0.457,0.927,,8.167,1130.4,9.592,441.1,1273,6.3
1982,112.746696,39.407397,,68.877,,1030,,0.675,0.732,2.572,,8.3,1070.9,7.8,379.5,1143,12.32
1982,112.760983,39.570475,,68.922,,1182,,0.817,0.257,2.577,,8.325,1073.3,7.758,390.4,1332,4.68
1982,112.773821,39.657695,,127.592,,1162,,0.302,0.583,3.038,,8.758,1052.5,7.825,361.3,1313,6.08
1982,112.787744,39.3366394,,52.28,,1027,,0.502,0.866,1.516,,8.58,1096.8,8.05,387,1285,10.2
1982,112.7892609,39.29547882,,0,,1031,,0.362,0.615,1.854,,8.833,1106.8,8.208,401.4,1429,6.82
1982,112.821622,39.051288,,180,,964,,0.53,0.395,2.78,,8.15,1128.8,9.333,423.6,1490,7.95
1982,112.832471,39.61528397,,291.065,,1038,,0.343,0.427,2.579,,8.177,1085.5,7.842,359.9,1313,4.57
1982,112.834652,38.464162,,51.939,,767,,0.738,0.516,1.504,,7.7,1135.1,9.608,438,1579,21.82
1982,112.8356018,39.615537,,255.599,,1032,,0.505,0.425,3.724,,8.267,1085.5,7.842,359.9,1273,6.88
1982,112.847746,38.458628,,90,,769,,0.568,0.494,2.368,,8.62,1134.7,9.633,437.1,1579,7.52
1982,112.850387,38.526286,,128.037,,761,,0.183,0,1.505,,8.625,1142.2,9.683,436.1,1358,3.13
1982,112.863657,35.894207,,211.683,,917,,0.508,0.528,6.511,,8.2,1146.1,11.125,661.6,1215,7.1
1982,112.894316,39.926694,,77.044,,1611,,0.555,0.555,12.222,,8.325,913.1,5.175,398.6,1823,9.53
1982,112.903232,39.608793,,276.281,,1070,,0.562,0.636,8.417,,8.516,1096.6,7.983,380.2,1273,8.94
1982,112.914729,38.578153,,51.983,,772,,0.32,1.217,1.506,,8.5,1152.4,9.975,432.1,1358,5.55
1982,112.930283,36.304167,,90,,916,,0.537,0.317,1.151,,7.7,1157.6,10.642,648.8,1598,10.07
1982,112.947847,39.850401,,314.944,,1444,,0.835,0.18,16.589,,8.1,959.4,6.558,383.5,1705,16
1982,112.951735,37.901327,,17.58,,1124,,0.53,0.678,3.886,,8.22,1056.4,8.35,434.1,1791,6.6
1982,112.953998,37.89163208,,281.161,,1178,,0.648,0.548,18.496,,8.04,1054.5,8.208,439.7,1791,12.16
1982,112.957149,40.12801361,,6.22,,1283,,0.382,0.334,11.056,,8.252,1036.3,6.492,362.3,1617,6.04
1982,112.9577255,38.495462,,90,,754,,0.558,1.285,1.185,,9.05,1122.4,9.717,433.5,1620,9.18
1982,112.977592,36.162188,,68.017,,934,,0.467,0.385,2.476,,8.283,1158.4,10.625,659,1496,10.03
1982,112.981145,39.509475,,307.651,,1008,,0.535,0.523,1.518,,8.167,1090,7.95,384.2,1323,8.1
1982,112.9965363,36.673845,,140.266,,989,,0.524,0.396,3.613,,8.28,1128.5,10.008,653.9,1932,6.28
1982,113.031213,36.21007919,,231.101,,905,,0.72,0.306,1.477,,8.14,1145,10.792,653.8,1443,10.86
1982,113.033054,38.393075,,194.315,,1777,,0.905,1.63,9.485,,7.1,833.4,5.175,513.8,2879,15.3
1982,113.043568,36.799821,,111.82,,987,,0.198,0.526,9.882,,8.48,1145.7,10.217,643,1694,4.92
1982,113.060662,39.801312,,0,,1028,,0.53,0.433,0,,8.317,1086.7,8.133,364,1662,9.28
1982,113.0646057,37.831555,,223.519,,1129,,0.585,0.567,5.103,,8.425,1060.5,8.558,439.7,1775,8.45
1982,113.067324,36.472561,,180,,883,,0.686,0.412,0.927,,8.1,1136.3,10.825,659.2,1585,13.22
1982,113.073017,35.925717,,275.78,,1073,,0.577,0.243,9.132,,7.7,1097.9,10.167,689.3,2063,6.9
1982,113.115884,39.11860275,,259.023,,895,,0.418,0.622,4.859,,8.4,1077.4,8.908,410.4,1855,8
1982,113.121219,35.664099,,293.628,,997,,0.37,0.31,15.787,,7.2,1130.9,10.533,702,2083,5.5
1982,113.154793,40.013078,,232.552,,1062,,0.504,0.478,1.525,,8.2,1044.7,7.917,352.2,1558,15.32
1982,113.182937,35.579143,,298.467,,885,,1.15,0.695,3.886,,8,1097.7,10.625,693.6,3253,19.3
1982,113.205748,35.87152863,,247.944,,1218,,1.065,0.46,2.468,,8.075,1101.5,9.642,707.1,1672,16.35
1982,113.307201,40.04908752,,170.726,,1042,,0.392,0.56,7.475,,8.26,1001.4,7.758,340.7,1216,6.26
1982,113.339183,37.448873,,241.374,,1493,,0.603,0.543,20.389,,8.033,888.2,6.542,595.7,4509,7.9
1982,113.3675079,37.072003,,202.674,,1105,,0.576,0.494,3.013,,7.74,1071.9,8.958,639.2,2221,12.96
1982,113.391384,35.713004,,67.904,,1332,,1.013,0.577,4.919,,7.95,988.6,8.633,744.2,2530,13.63
1982,113.409588,40.146227,,194.662,,1142,,0.485,0.73,4.782,,8.365,1035.9,7.1,357.4,1259,6.75
1982,113.424119,40.03007889,,270,,1039,,0.177,0.365,1.211,,8.32,1060.3,7.333,351.8,1334,4.45
1982,113.436791,39.996122,,180,,1027,,0.36,0.445,2.78,,8.303,1061.3,7.575,344,1458,4.57
1982,113.446554,40.05878448,,180,,1053,,0.317,0.343,1.854,,8.257,1060.2,7.292,360.3,1334,5.6
1982,113.4491348,36.821108,,114.581,,958,,0.27,0.88,25.032,,7.967,1120.4,10.642,660.7,2256,5.87
1982,113.456775,40.018687,,90,,1037,,0.406,0.465,1.211,,8.294,1060.3,7.392,357.8,1334,5.82
1982,113.4781799,35.850091,,2.943,,1397,,2.155,0.74,21.257,,6.8,936.6,8.417,750.4,3052,42.93
1982,113.481115,39.823737,,317.076,,1118,,0.524,0.542,8.797,,8.26,955.2,6.692,372.2,1532,8.1
1982,113.486438,37.875728,,194.218,,775,,0.34,0.74,9.481,,8.1,1086.2,10.833,482.2,1990,6.9
1982,113.513459,35.713473,,184.402,,1416,,1.018,0.585,14.562,,7.75,935.9,8.283,761.2,3324,18.18
1982,113.532948,38.871802,,268.462,,1722,,0.765,2.81,31.098,,6.975,836.9,4.7,547.5,3015,10.6
1982,113.565144,40.08877945,,110.933,,1091,,0.392,0.848,2.594,,8.35,1052,7.133,358.7,1501,6.38
1982,113.578811,37.945283,,212.376,,793,,0.6,1.082,4.384,,7.7,1091.2,10.742,481.8,1933,14.74
1982,113.580096,36.87622833,,246.427,,1053,,0.48,0.423,25.907,,8.067,1065.4,9.9,665.5,2705,9.43
1982,113.5895462,40.17442703,,33.2,,1233,,0.43,0.588,2.216,,8.3,977,6.508,357.4,1509,5.36
1982,113.619466,40.14455795,,146.812,,1275,,0.764,0.444,2.215,,8.38,988,6.142,356.7,1320,7.72
1982,113.622428,38.708352,,138.421,,1398,,0.715,0.868,29.364,,8.25,929.6,6.717,493.2,2530,10.4
1982,113.638754,40.022817,,180,,1055,,0.476,0.306,2.78,,8.286,1056.9,7.308,354.7,1388,4.86
1982,113.651299,39.990442,,110.961,,1017,,0.452,0.535,2.591,,8.417,1059.9,7.508,359.4,1320,5.02
1982,113.675328,37.864264,,248.459,,751,,0.553,0.923,21.643,,7.975,1103.4,11.067,511.9,1963,13.28
1982,113.675737,37.807433,,111.556,,770,,0.714,0.238,5.036,,7.16,1101.3,11.025,522.8,1861,9.96
1982,113.690051,39.301421,,307.734,,1147,,0.508,0.524,3.028,,8.44,1071.7,7.792,430.2,1097,6.74
1982,113.692776,40.24069977,,0,,1055,,0.297,1.027,1.854,,8.683,1028.2,7.158,341.2,1818,4.9
1982,113.713709,37.792178,,312.086,,709,,0.487,0.557,10.936,,7.5,1119.3,10.983,532.4,1861,6.03
1982,113.719888,38.83739853,,267.027,,1507,,0.482,0.805,17.336,,7.4,927.3,6.467,502.6,2755,4.35
1982,113.728048,40.312493,,90,,1036,,0.225,0.605,1.216,,9.533,1036.4,7.283,337.3,1584,3.8
1982,113.749135,38.000571,,141.581,,794,,1.167,0.627,18.293,,7.9,1100.5,10.367,519,1864,19.53
1982,113.7658997,37.694222,,328.613,,1103,,0.708,1.512,28.807,,7.98,1067.2,9.525,564.7,2367,12.14
1982,113.768866,39.292944,,0,,1160,,0.305,0.44,2.78,,8.65,1065.2,7.633,428.5,1489,3.85
1982,113.802383,38.005562,,284.716,,728,,1.35,0.387,10.823,,7.875,1069.9,10.883,521.4,2267,20.68
1982,113.843154,40.295847,,213.247,,1024,,0.343,0.595,2.217,,9,1039.8,7.108,345.8,1748,5.27
1982,113.878928,40.240874,,0,,1157,,0.482,0.52,2.78,,8.375,1014.2,6.917,350.7,1478,6.98
1982,113.910853,40.286764,,0,,1033,,0.263,0.847,2.78,,8.1,1032.9,7.142,341.5,1748,4.57
1982,113.934756,39.61103058,,240.536,,1694,,1.2,0.71,35.905,,8.3,844.1,4.1,486.9,1797,25.15
1982,113.940419,40.390627,,270,,1012,,0.333,0.667,1.218,,8.702,1041.9,7.167,338.7,1445,8.22
1982,113.9869766,40.362928,,52.694,,1009,,0.234,0.36,1.53,,9.562,1043,7.15,339.4,1445,3.54
1982,114.033826,40.10089111,,255.696,,961,,0.458,0.45,3.749,,8.4,1069.3,8.017,365.2,1488,6.75
1982,114.044246,40.402579,,127.29,,1002,,0.34,0.528,1.531,,9.217,1025.1,7.242,342.7,1787,5.98
2012,110.314118,34.774735,,328.67,17.61,372,187.2,1.08,,2.171,1305.7,,1199,14.25,604.2,2025,16.02
2012,110.319146,34.63521194,,0,18.36,372,158.81,0.74,,0,758.8,,1213.3,14.617,638.2,1204,13.66
2012,110.335817,34.839776,,0,19.52,371,271.4,1.05,,0,1376.3,,1204.7,14.425,595.7,2380,18.52
2012,110.393107,34.99996948,,90,18.27,398,193.5,0.81,,1.132,1190.9,,1253.9,14.225,563.7,2748,13.08
2012,110.429632,34.952352,,180,20.65,383,246.2,0.94,,1.854,1353.4,,1258.3,14.358,565.2,2503,13.83
2012,110.437845,34.672933,,166.332,17.55,544,167.5,0.71,,4.762,789.81,,1213.8,14.442,628.5,2363,12.73
2012,110.449681,34.864073,,270,20.02,359,219,1.27,,1.13,1245,,1189.3,14.308,591.8,2411,20.13
2012,110.451326,34.873176,,0,21.74,350,207.9,1.04,,0.927,1424.5,,1208.6,14.508,584.5,2411,16.55
2012,110.4670181,34.86026001,,337.891,18.87,357,163.6,1.24,,3.001,1390.6,,1161.4,14.3,585.2,2411,20.21
2012,110.483922,37.065781,,11.798,8.55,754,124.56,0.63,,16.577,825.51,,1146.3,11.417,486.1,1364,15.55
2012,110.485468,36.777751,,90,10.7,895,139,0.55,,2.315,934.3,,1100.4,11.142,486.9,1402,9.98
2012,110.495627,36.838151,,51.329,11.33,904,139.2,0.28,,27.39,936.4,,1104.3,11.1,472.3,1376,10.12
2012,110.511702,34.629617,,137.652,16.92,378,155.5,0.71,,5.007,820.16,,1238.5,14.642,625.3,2293,12.73
2012,110.523342,38.04096603,,66.752,5.94,915,94,0.39,,13.824,657,,1096.7,10.067,474.4,1315,6.22
2012,110.5272217,36.677678,,54.515,9,1089,115.4,0.5,,33.793,792,,1088.4,10.725,488.6,1868,8.82
2012,110.5358353,36.936263,,150.374,7.89,900,130.32,0.62,,22.278,817.83,,1121,10.95,483.7,1522,14.36
2012,110.535881,38.13354492,,170.97,3.26,871,82,0.33,,14.695,634,,1109.1,10.275,466.8,1335,4.96
2012,110.562592,34.953893,,211.385,15.38,355,206.4,0.85,,4.338,1311.6,,1266.2,14.492,563.1,1133,14.94
2012,110.563122,34.69242859,,112.348,19.77,597,150.7,0.74,,2.438,818.1,,1217.7,13.933,614.5,2152,13.16
2012,110.5796127,37.005776,,218.834,6.96,965,115.79,0.53,,16.222,870.29,,1121.7,10.825,489.2,1609,10.75
2012,110.598489,36.636447,,316.935,10.57,891,134.3,0.56,,5.065,917.3,,1149.5,11.317,479.1,1424,10.22
2012,110.634715,36.76872635,,293.134,11.12,920,136.8,0.58,,33.395,919.4,,1122.7,10.917,484.8,1670,10.54
2012,110.635334,34.698181,,180,17.34,550,147.3,0.76,,0.927,801.04,,1229.6,14.125,609.3,2401,13.57
2012,110.636018,34.869323,,328.641,19.65,355,235.5,1.17,,2.171,1433.2,,1256.2,14.425,567.8,2546,18.89
2012,110.640505,37.874618,,273.763,6.24,872,114,0.36,,13.854,524,,1103.7,10.558,470.8,1124,4.6
2012,110.6420288,35.747348,,156.248,10.23,848,148.72,0.62,,13.907,,,1127.2,12.358,526,1717,15.32
2012,110.6653976,35.640825,,270,17.56,416,198.04,0.93,,4.555,,,1210.8,14.567,528.7,942,28.59
2012,110.669602,37.41231155,,135.788,4.291,677,93.07,0.483,,26.421,689.17,,1133.5,11.4,475.2,1434,5.99
2012,110.670294,38.04627609,,246.754,3.81,1049,84.5,0.37,,13.825,617,,1083.3,9.558,482.3,1452,4.94
2012,110.676118,35.586156,,90,16.42,373,134.96,0.59,,3.417,,,1232.5,14.533,524.3,2148,15.61
2012,110.690959,34.707519,,129.423,17.95,521,173.1,0.84,,2.919,814.46,,1224.6,14.183,607.5,2345,15.1
2012,110.694675,37.210382,,304.615,8.78,809,119.48,0.61,,55.987,809,,1111,11.133,484,1603,13.05
2012,110.699205,37.300656,,298.842,3.88,724,108.98,0.474,,16.805,765.11,,1136.7,11.267,477.3,1301,6.42
2012,110.699913,36.83366394,,148.007,11.18,1019,143.6,0.58,,6.533,925.3,,1100.8,10.225,484.6,1863,10.74
2012,110.705647,35.516305,,50.856,16.68,471,213.08,0.74,,1.469,,,1225.2,13.842,522.8,2303,16.65
2012,110.7154846,35.603244,,273.579,22.72,431,194.05,0.95,,14.538,,,1221.3,14.325,522.5,2148,23.14
2012,110.717449,35.679576,,309.087,18.58,476,235.18,0.94,,1.471,,,1207.8,14.333,531.7,1918,29.83
2012,110.719758,37.13245773,,0,7.78,948,124.8,0.67,,4.627,712.54,,1085.2,10.558,487.6,1781,14.87
2012,110.728453,36.641889,,263.461,11.16,938,136.7,0.58,,8.09,938.6,,1123.9,10.958,487.8,1663,10.85
2012,110.729205,34.70523834,,270,18.45,504,169,0.85,,2.255,849.21,,1230.2,14.025,596,2345,15.33
2012,110.734256,35.005426,,270,16.53,357,264.8,0.95,,1.132,1250.1,,1271.1,14.55,549.6,1955,14.03
2012,110.745376,37.791895,,343.55,6.77,808,100,0.33,,26.856,668,,1107.3,10.575,476.6,1186,4.73
2012,110.7484589,37.946651,,0,5.95,988,116,0.42,,19.602,734,,1092.1,9.65,486.6,1302,5.21
2012,110.756397,35.676913,,180,16.77,487,213.91,0.88,,0.927,,,1214.8,14.258,530.7,2060,21.52
2012,110.7676468,37.197138,,21.421,8.56,822,156.63,0.63,,15.548,759.89,,1126,10.992,480.3,1697,12.3
2012,110.773112,38.055455,,140.461,5.35,1067,95,0.36,,22.773,625,,1080.5,9.308,485,1371,4.64
2012,110.780986,35.625375,,292.118,22.97,461,231.11,0.97,,2.462,,,1236.5,13.758,516.6,2021,21.51
2012,110.787948,35.542678,,90,22.03,378,216.21,0.83,,1.14,,,1245.5,13.867,513.5,2344,18.1
2012,110.792301,37.549497,,180,4.528,716,96.93,0.431,,9.195,737,,1132.4,11.208,473.8,1368,5.41
2012,110.7943649,34.748353,,180,15.56,611,133.53,0.816,,2.78,657.44,,1212,13.85,601.1,2266,14.54
2012,110.801742,37.419394,,0,4.209,800,86.59,0.451,,7.379,733.7,,1111.1,10.925,482.9,1422,6.14
2012,110.804478,37.64770889,,177.74,6.25,746,69,0.35,,27.403,693,,1126.4,11.1,468.3,1210,5.37
2012,110.806249,34.722184,,90,16.72,537,148.75,0.65,,1.128,775.84,,1219,14.075,598.2,2266,11.56
2012,110.849894,37.990495,,317.062,6.06,1039,105,0.45,,18.349,623,,1085.8,9.342,484.9,1360,6.51
2012,110.849897,37.816429,,194.774,4.72,883,82,0.35,,21.89,653,,1103.2,9.942,487.2,1135,4.72
2012,110.853508,36.654141,,330.088,7.1,1135,137,0.86,,13.646,905,,1090.9,10.283,487.5,1741,11.3
2012,110.853803,37.004588,,280.642,9.7,1034,141.16,0.71,,19.322,829.92,,1093.9,10.283,486.1,1557,11.85
2012,110.856254,37.42324066,,174.01,4.183,838,101.33,0.519,,11.052,751.04,,1124.5,11.133,477.7,1487,7.03
2012,110.871834,37.610469,,123.12,6.019,927,103.99,0.414,,22.527,748.2,,1101.4,10.292,487.7,1230,5.21
2012,110.873877,34.7567215,,180,19.4,546,140.06,0.78,,2.78,719.65,,1212.4,14.133,593.8,2521,13.83
2012,110.875703,36.50562668,,257.066,7.6,884,116,0.84,,16.135,862,,1146.7,11.317,488.5,1599,10.8
2012,110.876014,37.864465,,289.74,4.34,1002,87,0.48,,13.476,646,,1098.1,9.65,488.1,1373,5.93
2012,110.881893,37.42426682,,45.21,4.386,888,100.85,0.454,,29.874,677.71,,1118.6,10.758,483.5,1487,6.24
2012,110.889021,37.701154,,308.351,6.09,807,90,0.37,,13.214,809,,1120.3,10.625,478.5,1048,5.98
2012,110.894296,37.496448,,0,5.379,941,108.91,0.486,,10.993,763.54,,1088.9,10.325,487.8,1487,7.01
2012,110.913008,37.242506,,311.847,4.544,1041,110.34,0.478,,12.319,757.38,,1080.3,10.033,488.3,1490,6.37
2012,110.9137878,37.433199,,264.332,4.987,860,90.83,0.451,,9.307,756.43,,1115.3,10.608,482.8,1487,6.68
2012,110.916644,36.411722,,241.786,8.14,1184,146.11,0.65,,15.319,893.78,,1089.5,10.533,497,1765,12.05
2012,110.918286,37.561198,,190.216,5.366,1010,103.92,0.468,,6.568,818.25,,1076.9,10.025,487.5,1358,6.69
2012,110.920257,37.30892944,,166.408,2.59,1052,83.9,0.448,,23.413,734.44,,1080.3,10.108,485.5,1545,5.97
2012,110.921868,37.093751,,291.743,8.18,1040,154.11,0.58,,19.269,887.5,,1086.4,9.967,488.5,1476,12.22
2012,110.931578,37.200724,,107.672,5.057,1068,101.93,0.451,,28.068,767.74,,1075.3,9.958,486.5,1432,6.48
2012,110.939509,36.694624,,302.679,9.6,1005,136,0.87,,6.839,886,,1114.6,10.517,488.7,1745,13
2012,110.942058,36.69313812,,31.946,9.2,1053,155,0.95,,4.364,898,,1109.8,10.517,488.7,1745,11.5
2012,110.943751,36.70103455,,219.744,9.5,988,149,0.85,,3.614,891,,1114.6,10.583,489.6,1745,11.8
2012,110.951787,37.670905,,259.802,6.42,1024,105,0.39,,24.567,738,,1080.1,9.833,492.1,1112,6.41
2012,110.954718,34.785552,,78.397,20.47,560,128,0.85,,4.602,742,,1208.1,13.925,591.4,2701,15.01
2012,110.969584,37.785586,,147.68,4.5,845,83,0.4,,2.194,736,,1106.9,10.092,478.8,1321,5.88
2012,110.977154,36.973594,,327.96,8.71,1264,167.61,0.67,,10.811,912.62,,1048.7,9.275,493.1,1513,12.98
2012,110.994794,37.85864639,,301.712,5.82,960,93,0.41,,29.001,761,,1097.8,9.758,484.2,1246,6.45
2012,111.000027,37.907229,,46.04,6.17,994,102,0.5,,27.16,587,,1092.7,9.65,483,1379,6.8
2012,111.000241,37.95820236,,325.325,7.04,1047,110,0.5,,23.415,764,,1077.4,9.4,482.2,1233,6.58
2012,111.004772,36.607782,,162.702,9.2,944,128,0.95,,7.724,881,,1123.4,10.675,492.2,1408,11.4
2012,111.005285,37.126078,,260.94,,1159,,0.8,,5.869,750.93,,1046.7,9.333,492,1822,8.26
2012,111.010803,37.253738,,212.136,,1200,,0.94,,6.543,810.35,,1038.4,9.483,484.8,1272,10.99
2012,111.011216,37.703988,,68.417,5.04,1074,93.54,0.5,,14.791,807.8,,1045.9,9.458,490.1,1291,6.55
2012,111.015404,36.4574585,,131.786,7.57,1035,140.69,0.52,,13.654,888.66,,1119.6,10.808,495,1670,12.05
2012,111.019833,34.784849,,0,23.35,553,166,0.86,,0,762,,1182.3,14.175,591,2362,15.51
2012,111.020843,37.380476,,0,5.27,984,105.84,0.498,,13.648,769.13,,1090.8,10.158,489.3,1282,7.44
2012,111.024838,36.814183,,294.867,8.3,1247,173,0.81,,22.95,866,,1071.9,9.517,491.5,1592,12.3
2012,111.026407,38.050469,,248.509,7.27,1112,147,0.53,,10.023,741,,1075.5,8.975,488,1360,7.65
2012,111.061664,36.537461,,276.253,7.17,1180,158.13,0.61,,24.032,696.82,,1069.2,9.917,500.1,1528,10.6
2012,111.0686874,37.560899,,295.437,5.98,1232,96.75,0.56,,18.737,762.73,,1040.1,9.225,492.5,1712,8.56
2012,111.079041,34.870641,,157.889,20.25,719,156,0.75,,3.001,799,,1178,13.517,592.3,2450,13.61
2012,111.079998,37.493169,,231.571,4.838,884,99.41,0.487,,1.492,774.46,,1106.7,10.483,472.3,1235,7.02
2012,111.081688,37.933938,,153.108,8.26,1040,113,0.47,,5.186,687,,1070.7,9.183,481.7,1233,6.38
2012,111.084148,37.79402542,,248.441,4.49,1035,93,0.395,,12.422,767,,1087.3,9.633,489,1278,5.4
2012,111.0852585,37.989183,,160.912,6.51,1139,122.4,0.51,,10.671,588,,1055,9,489.5,1349,7.09
2012,111.093252,37.767988,,133.489,5.24,1040,89,0.4,,15.762,688,,1080.3,9.467,493.1,1278,6.29
2012,111.097668,36.42098236,,73.888,7.2,1007,159.18,0.61,,39.237,891.43,,1103.7,10.492,504.7,1857,12.03
2012,111.099904,37.350554,,224.375,,1225,,0.91,,11.52,802.64,,1044.5,9.208,488.4,1270,10.47
2012,111.105324,36.692755,,180,8.8,1334,123,0.85,,4.627,923,,1050.4,9.108,504.1,2016,11.5
2012,111.107625,37.498368,,270,4.72,900,83.47,0.48,,1.169,768.23,,1104.3,10.425,487.9,1269,7.41
2012,111.113774,34.881219,,160.797,15.21,684,127,0.88,,6.842,727,,1190,13.642,594.5,2317,14.43
2012,111.117362,35.66786194,,50.909,13.24,459,150.69,0.89,,1.471,,,1230.7,13.358,527.3,2089,19.17
2012,111.1176682,36.63407516,,253.732,9.5,1084,158,0.81,,13.015,874,,1103.4,10.117,496.7,1627,12.9
2012,111.118658,35.7103653,,90,19.77,471,204.81,1.05,,1.142,,,1227.2,13.325,516.6,2089,23.72
2012,111.120607,38.175477,,143.423,8.57,1182,140.9,0.61,,13.598,720,,1051.7,8.492,495.9,1451,8.92
2012,111.127561,35.512239,,230.855,14.08,507,228.86,0.73,,1.469,,,1209.9,13.4,521.8,1942,13.25
2012,111.132269,37.4421463,,343.307,,996,,0.93,,19.54,778.44,,1090.7,9.983,487,1269,14.42
2012,111.134436,37.50821304,,0,5.55,1008,88.86,0.56,,10.097,816.52,,1092.8,10.058,488.6,1274,9.26
2012,111.138219,35.545697,,230.866,16.29,469,262,0.87,,1.469,,,1210.8,13.467,520.3,1942,17.07
2012,111.146665,37.53129959,,287.599,6.56,1096,92.41,0.53,,6.112,816.65,,1066.1,10.142,487.2,1274,8.12
2012,111.149107,37.60540009,,0,5.09,966,95.09,0.48,,1.854,756.02,,1097.8,9.7,491.7,1155,8.4
2012,111.1492767,36.905603,,231.353,9.42,1427,126.7,0.68,,1.485,948.43,,974.9,7.925,499.4,2681,14.41
2012,111.150147,35.621682,,180,17.32,445,226.06,0.92,,0.927,,,1231.6,13.517,518.8,2039,19.2
2012,111.1587906,37.56153488,,170.452,5.78,1073,92.73,0.55,,13.833,808.74,,1079,9.75,490.3,1274,7.74
2012,111.168265,36.454102,,277.635,8.69,1265,132.89,0.56,,25.982,862.21,,1046.6,9.525,513.5,2859,10.67
2012,111.169049,35.72529221,,90,19.61,467,198.71,1.01,,1.142,,,1227.1,13.242,515.3,2150,22.96
2012,111.172688,35.682417,,148.385,15.07,452,194.85,0.87,,2.177,,,1224.5,13.45,512.2,2150,18.54
2012,111.174633,37.652083,,47.095,9.77,1047,150.98,0.64,,32.701,773.76,,1076.1,9.375,490.2,1350,9.75
2012,111.179929,34.89577866,,211.367,12.5,557,131,0.76,,8.624,759,,1201.6,13.892,578.8,2378,13.5
2012,111.182746,37.53147125,,202.799,4.87,973,71.95,0.54,,3.015,808.79,,1091.5,10.125,486.9,1515,8.48
2012,111.184853,37.535381,,228.617,4.64,1026,100.65,0.52,,13.759,761.37,,1091.5,9.908,488.3,1515,7.74
2012,111.192346,37.358717,,180,,1200,,0.95,,17.94,820.11,,1054.6,9.292,488.6,1273,15.71
2012,111.194068,34.838133,,69.959,16.33,404,146,0.7,,10.7,779,,1191.9,14.75,591.7,2378,13.25
2012,111.1974335,36.986204,,223.196,12.11,1349,124.93,0.82,,5.076,945.28,,1008.7,8.275,499.7,1699,16.16
2012,111.201469,34.981214,,230.671,15.47,774,131,0.88,,4.382,766,,1158.1,13.042,582.4,1906,15.45
2012,111.203847,37.49106216,,296.377,5.78,1140,84,0.54,,20.02,787.59,,1047.4,9.4,479.9,1501,8.31
2012,111.205947,37.452655,,266.215,,1093,,0.91,,13.779,799.74,,1047.7,9.225,489.7,1501,9.77
2012,111.227003,34.84429932,,136.538,13.95,371,141,0.77,,11.35,715,,1201.2,14.525,585.6,2378,13.77
2012,111.229955,37.74811554,,353.441,10.85,1193,134.05,0.62,,10.162,829.74,,1039.8,8.767,489.5,1103,10.62
2012,111.233787,35.619577,,129.108,18.2,393,207.51,0.86,,1.47,,,1225.1,13.875,522.3,2047,19.49
2012,111.236991,35.581115,,337.713,15.46,393,205.46,0.75,,3.004,,,1219.2,14.008,521.3,1569,14.72
2012,111.244758,37.89652634,,240.148,9.63,1192,132.39,0.54,,14.583,736.04,,1026.3,8.342,485.4,1716,9.61
2012,111.265235,36.2882309,,157.533,7.83,1260,166.58,0.73,,11.871,916.93,,1020.5,9.4,524.7,2062,14.55
2012,111.276476,37.948512,,252.493,8.91,1274,147.56,0.74,,6.143,885.69,,1013.8,7.892,492.7,1581,12.14
2012,111.290837,38.67092133,,293.067,10.55,1191,98.66,0.7,,13.922,689.9,,998.8,7.775,471.1,1905,8.24
2012,111.3018951,37.561435,,119.519,5.75,1180,119.78,0.61,,26.235,676.17,,1057.6,9.067,487.1,1457,8.65
2012,111.303579,36.575374,,180,7.24,1320,167.25,0.76,,10.097,951.67,,1020.6,8.942,515.6,1651,13.79
2012,111.309742,37.298974,,39.965,,1284,,0.94,,7.222,760.93,,1001.9,8.1,490.2,2158,15.77
2012,111.333106,37.739928,,28.455,10.28,1307,134.2,0.63,,21.139,814.24,,949.1,7.55,489.8,2196,10.66
2012,111.334115,36.81394196,,266.335,7.76,1182,114.99,0.7,,26.864,950.79,,1101.9,9.625,497,1796,15.86
2012,111.334316,38.84282303,,355.412,12.79,1338,98.11,0.65,,14.565,648,,951.9,6.9,471.4,1489,7.16
2012,111.335954,37.994968,,231.76,8.39,1300,128.45,0.73,,2.994,842.31,,1001.1,7.492,488.4,2689,8.97
2012,111.340167,36.401371,,306.193,7.03,1255,149.55,0.68,,15.33,917.53,,1024.8,9.2,525.2,3340,14
2012,111.349936,34.885522,,171.838,11.14,587,157,0.86,,15.536,743,,1164.5,13.817,595.9,1923,16.4
2012,111.3521118,36.486464,,249.925,6.4,1382,158.09,0.74,,13.268,945.1,,974.2,8.917,520.7,2320,13.55
2012,111.405927,38.024156,,294.862,11.1,1456,137.32,0.62,,21.058,1053.59,,978.9,6.608,492.2,2192,9.53
2012,111.414448,38.52098083,,9.077,5.36,1430,135.81,0.659,,7.471,726.9,,958.2,6.6,485.1,2106,10.12
2012,111.418833,38.762442,,257.083,12.13,1624,106.74,0.8,,19.905,693.3,,892.5,5.875,471,1848,9.66
2012,111.424482,34.884051,,39.101,9.46,513,159,0.79,,3.581,904,,1156.9,13.742,608.2,2000,14.18
2012,111.433183,38.66107178,,238.728,10.83,1249,95.17,0.77,,12.314,696,,983.5,7.158,472.1,2290,9.03
2012,111.434673,35.712111,,270,15.91,462,250.79,0.64,,2.283,1026.58,,1211.4,13.583,527.6,1582,17.5
2012,111.441515,37.029891,,206.613,8.59,1154,109.89,0.69,,10.263,961.38,,1090.1,9.95,483.7,1576,18.14
2012,111.461122,38.44861603,,292.401,4.9,1634,128.93,0.705,,23.015,814.8,,888.5,5.65,479.2,2219,11.46
2012,111.464478,37.065601,,270,9.92,1191,104.93,0.63,,10.347,882.18,,1090.7,10.033,483.5,1576,16.82
2012,111.464798,36.900733,,25.124,7.52,899,118.65,0.65,,8.14,877.09,,1129.9,10.575,482.3,1423,18.54
2012,111.471483,35.765727,,180,19.96,499,250.25,0.71,,3.705,974.89,,1218.5,13.583,516.7,1588,15.48
2012,111.476409,35.64762878,,328.396,19.93,463,265.25,0.88,,2.177,1093.17,,1204.8,13.717,529.7,2008,20.12
2012,111.479606,37.43677139,,223.367,7.61,1514,109.14,0.62,,19.61,746.74,,965,6.958,493.9,1736,9.94
2012,111.503564,37.02318954,,202.661,8.34,1070,137.34,0.7,,6.008,579.23,,1107.2,10.225,481.8,1387,14.64
2012,111.514894,38.232656,,180,5.1,1242,139.47,0.573,,1.854,737.7,,1015.7,7.783,482.1,1584,7.93
2012,111.518492,37.796002,,258.825,8.35,1734,214.28,1.29,,18.475,1215.98,,794.8,4.625,500.9,2698,22.87
2012,111.521874,36.912335,,212.02,8.48,931,130.74,0.64,,6.535,886.16,,1117.9,10.642,472.3,1351,18.78
2012,111.523618,37.172645,,248.277,9.83,1073,150.08,0.59,,14.704,677.27,,1105.6,10.233,471,1584,10.47
2012,111.523649,38.906325,,30.951,10.71,1546,87.66,0.81,,15.809,659.6,,929.5,6.033,469.2,1624,8.96
2012,111.529707,38.605842,,343.784,11.99,1519,103.3,0.7,,20.349,704,,894,5.208,478.3,1920,8.13
2012,111.533695,34.905553,,242.862,8.49,600,169,0.83,,10.062,1057,,1176.7,13.767,613.7,2418,15.58
2012,111.5435181,37.205089,,111.714,7.52,1094,134.5,0.44,,5.001,615.17,,1092.7,9.992,474.3,1584,7.19
2012,111.547759,35.74113083,,180,17.17,502,271.94,0.78,,0.927,964.08,,1208.4,13.4,524,1502,16.32
2012,111.553681,35.620242,,310.631,19.61,506,221.63,0.85,,25.282,933.61,,1193,13.408,524.1,1539,16.26
2012,111.554202,35.77925491,,148.354,19.75,601,231.17,0.72,,2.178,838.33,,1197,13.242,527.9,1809,14.6
2012,111.565008,37.079938,,125.679,12.32,941,132.35,0.68,,14.025,574.17,,1110.2,10.667,471.1,1387,13.88
2012,111.566005,35.67105103,,90,21.8,555,236.56,0.7,,1.142,969.52,,1195.4,13.325,528,1502,16.28
2012,111.572907,38.711215,,0,12.16,1398,105.49,0.64,,7.379,673.4,,965.5,6.442,466.7,1406,7.36
2012,111.578612,38.26906204,,147.509,4.28,1199,94.6,0.573,,2.198,684.2,,1064.9,8.125,476.7,1359,8.08
2012,111.590786,37.15476608,,291.727,13.14,1000,148.19,0.73,,2.504,606.26,,1114.5,10.608,468.1,1261,15.72
2012,111.601522,37.097177,,155.879,9.19,1005,132.23,0.45,,13.945,602.48,,1115.6,10.775,467.3,1261,9.47
2012,111.6071014,38.78654099,,139.461,10.22,1509,101.88,0.75,,7.283,668.6,,995.7,6.158,474.9,1145,8.93
2012,111.609132,38.339864,,128.109,3.8,1217,76.4,0.567,,1.503,671.4,,1066.6,8.05,466.9,1234,7.78
2012,111.614771,36.922025,,98.525,,939,,0.33,,18.139,,,1117.8,10.625,475.6,1612,4.1
2012,111.616262,35.210786,,243.885,11.43,677,157.83,0.9,,12.443,,,1161,13.192,574.8,2211,17.64
2012,111.640052,38.016462,,147.599,8.96,1367,108.89,0.69,,2.196,928.43,,1012,7.608,479.7,1519,10.01
2012,111.640697,37.063771,,17.396,7.38,913,132.47,0.57,,15.185,573.53,,1110,10.6,468.7,1354,11.61
2012,111.643227,38.09729767,,128.201,9.73,1476,144.45,0.76,,29.936,972.46,,959.4,7.008,478.7,1868,11.68
2012,111.649961,37.015737,,104.904,7.38,1068,141.15,0.61,,14.131,638.33,,1079.6,10.208,476.8,1354,9.83
2012,111.666634,38.344996,,0,3.68,1204,86.01,0.58,,0.927,692.4,,1070.9,8.067,467.7,1234,8.13
2012,111.677999,38.540677,,314.354,5.88,1630,135.22,0.697,,6.604,767.8,,903.3,5.175,486.6,1639,11.13
2012,111.679161,35.30643845,,155.32,12.24,635,168.15,0.94,,15.91,,,1164.2,13.442,566.2,2110,20.14
2012,111.681913,38.159383,,170.376,3.42,1331,98.97,0.582,,13.836,710,,1004.4,7.633,463.8,1717,8.89
2012,111.684384,38.651072,,193.106,12.32,1686,105.14,0.76,,20.085,648.2,,942.5,5.442,475.6,1991,8.8
2012,111.688159,38.286298,,291.428,4.72,1187,90.55,0.583,,2.537,635.8,,1067.8,8.108,457,1294,9.28
2012,111.688345,37.949586,,345.768,8.79,1396,122.56,0.7,,4.773,924.27,,1017.2,7.317,480.1,1708,11.15
2012,111.693548,35.266546,,166.236,9.31,531,146.53,0.83,,4.764,,,1188.1,13.725,562.9,2110,16.01
2012,111.694063,38.81713104,,232.076,8.36,1458,92.22,0.73,,3.015,648.6,,991,5.983,470.6,1048,8.42
2012,111.710042,38.391745,,270,4.64,1281,100.93,0.663,,1.183,769.2,,1038.7,7.75,464.7,1274,10.54
2012,111.717053,37.15566254,,0,14.4,808,136.97,0.7,,0.927,529.12,,1162.6,11.392,458,1453,14.73
2012,111.734938,38.25403595,,270,3.67,1181,102.73,0.582,,2.361,657.4,,1040.9,8.075,447.6,1294,9.41
2012,111.742407,37.096427,,39.889,10.58,832,144.51,0.53,,3.622,576.81,,1135,11.317,464.6,1453,10.17
2012,111.746712,38.80113983,,235.71,11.21,1587,84.23,0.79,,11.372,667.9,,920.7,5.167,477.4,1048,9.09
2012,111.7531738,38.385972,,128.091,3.21,1321,118.21,0.587,,1.503,676,,1019.7,7.433,460.4,1593,9.93
2012,111.754929,38.675334,,162.694,12.83,1802,120.84,0.75,,32.102,699,,824.4,4.083,485.2,2166,8.74
2012,111.7554245,35.215262,,180,8.82,469,161.4,0.73,,11.884,,,1181.1,14.05,562.8,2135,14.33
2012,111.777146,37.159231,,248.274,21.06,748,152.41,0.84,,2.504,552,,1173.3,11.6,447.5,1084,16.89
2012,111.784976,35.104596,,222.513,11,430,175.34,0.8,,19.36,,,1185.6,14.45,576.6,2081,15.04
2012,111.785269,37.121961,,270,15.33,751,153.47,0.77,,1.163,561.27,,1164,11.858,457.4,1084,15.15
2012,111.7943649,37.68723297,,331.215,8.92,1245,227.79,1.08,,23.016,959.91,,1018.5,8.308,465.8,3135,18.76
2012,111.801919,37.077585,,291.748,9.21,760,143.4,0.38,,4.994,561.87,,1163.3,11.783,466.9,1238,6.68
2012,111.803488,35.166498,,192.918,9.65,409,176.57,0.83,,14.881,,,1193.2,14.425,567.4,2081,17.01
2012,111.804238,38.075904,,160.052,9,1162,101.28,0.63,,6.874,809.82,,1059.9,8.375,443.1,1666,8.98
2012,111.804612,36.950078,,314.631,,773,,0.29,,25.821,,,1126.4,10.95,469.4,1488,4.2
2012,111.807987,37.11185074,,128.571,13.64,742,192.17,0.81,,1.487,687.48,,1168.7,11.975,463.4,1084,16.93
2012,111.809991,37.142068,,0,18.19,735,188.17,0.82,,0.927,625.84,,1175.5,11.883,456.7,1084,18.38
2012,111.826137,35.191978,,270,8.58,512,153.73,0.79,,1.135,,,1182.4,14.083,583.1,2135,15.29
2012,111.8381729,38.169946,,205.501,7.41,1217,95.9,0.67,,16.011,783.49,,1043.5,8.483,436.4,1343,10.04
2012,111.8409882,37.609895,,165.831,10.16,1265,221.35,1,,22.655,751.4,,997.5,8.417,463.2,3319,20.14
2012,111.846489,37.175219,,104.874,14.57,739,177,1.06,,3.608,582.33,,1185.7,11.533,446.5,735,21.45
2012,111.851529,37.127119,,180,15.56,734,220.85,0.72,,1.854,606.72,,1176.9,11.825,447.7,1454,14.34
2012,111.851558,37.009828,,337.343,16.71,735,156.86,0.95,,6.008,,,1139.6,11.642,458.5,960,23.7
2012,111.863263,37.947217,,168.066,10.8,1437,118.47,0.76,,11.23,879.92,,1018,7.775,462.2,1860,11.32
2012,111.8851395,36.819754,,238.092,,1273,,0.6,,12.1,,,1013.7,9.117,511.7,1989,7.8
2012,111.886129,37.849982,,157.113,10.59,1361,149.12,0.8,,14.765,886.54,,1047.3,8.258,462.4,1834,18.31
2012,111.890826,35.124507,,0,10.31,251,153.24,0.9,,0.927,,,1200.6,15.067,580.1,1376,14.83
2012,111.891411,35.2716713,,173.346,11.3,593,174.09,0.86,,18.893,,,1157,13.308,585.7,2266,19.38
2012,111.903277,38.101268,,90,7.75,1203,100.3,0.58,,20.318,824.76,,1015.7,8.317,445.9,1313,8.71
2012,111.904896,37.007941,,32.052,8.93,773,145.25,0.84,,2.188,,,1137.8,11.408,467.8,960,15.81
2012,111.9099121,37.035276,,308.599,17.6,748,190.06,1.25,,1.486,,,1151.7,11.892,458.1,960,25.99
2012,111.917674,36.903889,,327.983,,1015,,0.41,,6.535,,,1107.3,10.267,494.8,2191,6.4
2012,111.9291382,36.274239,,236.106,13.59,814,175.72,0.93,,8.258,711.59,,1143.7,11.858,501.8,1674,16.86
2012,111.930128,37.053583,,327.932,19.37,744,186.63,1.57,,2.188,,,1152.7,11.725,449.6,1309,30.71
2012,111.935083,38.363336,,128.1,9.11,1212,118.37,0.59,,4.5,,,1034,7.983,436.9,1549,10.68
2012,111.946381,36.107562,,328.247,15.89,936,151.04,1.16,,14.924,672.07,,1112.6,11.117,531.6,1526,13.36
2012,111.947977,38.048582,,319.75,10,1132,107.98,0.57,,24.008,790.64,,1051.9,8.658,432.4,1897,8.37
2012,111.949597,37.39916992,,153.274,13.62,862,201.78,0.8,,5.178,773.97,,1127.3,10.883,447.1,1084,18.68
2012,111.956981,37.65628815,,305.135,7.14,1271,180.38,0.87,,12.682,884.28,,1034.3,8.817,454.6,2308,19.62
2012,111.957042,38.615299,,58.992,25.48,1500,48.75,0.59,,17.444,297.59,,943.6,6.192,461.3,1990,6.91
2012,111.959843,35.169227,,74.758,9.25,506,153.48,0.83,,3.523,,,1167.9,14.142,593.5,1890,15.55
2012,111.9763718,37.55296707,,147.761,8.84,894,116.53,0.98,,19.008,906.14,,1055.5,10.017,438.4,2317,23.8
2012,111.981284,37.05664063,,68.247,16.86,753,145.51,1.28,,4.993,,,1144.7,11.592,454.5,1309,23.94
2012,111.984567,37.056479,,308.591,15.66,756,130.25,1.02,,2.971,,,1144.7,11.592,454.5,1309,19.32
2012,111.987337,36.990641,,320.15,11.07,934,122.91,0.7,,3.619,,,1101,10.7,479.3,1235,13.22
2012,111.988823,36.229636,,150.599,13.1,857,145.32,0.93,,11.552,625.4,,1146.4,11.308,509.1,1461,13.6
2012,111.989749,37.242972,,0,13.27,736,152.17,0.83,,1.854,436.5,,1165.1,11.117,434.7,757,10.71
2012,111.997157,35.570693,,312.672,15.14,1222,157.3,1.38,,22.098,779.19,,1008.7,9.85,609.7,3517,28.58
2012,112.000925,37.085363,,0,14.32,743,152.83,1.17,,2.78,,,1147.7,11.683,455.6,760,20.53
2012,112.006361,37.390173,,231.532,18.83,745,211.57,0.73,,2.979,718.43,,1165.3,11.2,432.6,1171,28.13
2012,112.010891,36.1675148,,144.708,14.87,907,137.33,0.84,,15.518,643.73,,1142.3,11.117,527.6,1532,13.72
2012,112.017966,35.167308,,170.087,10.48,488,147.72,0.85,,12.956,,,1149,14.075,600.9,2337,17.22
2012,112.025465,37.438192,,111.653,15.7,762,190,0.83,,2.512,717.15,,1133.2,11.217,447.2,1148,21.23
2012,112.026234,37.327955,,0,16.79,742,221.78,0.78,,0,708.44,,1171.3,11.083,429.4,654,24.76
2012,112.028894,38.671973,,285.406,12.26,1577,95.25,0.58,,20.083,667.23,,946.2,6.008,464,1965,6.92
2012,112.029213,38.580509,,180,9.43,1331,89.49,0.6,,0.927,704.15,,989.2,6.95,441.9,1597,7.15
2012,112.033108,36.42089462,,333.568,10.19,1074,148.52,1.09,,19.877,708.21,,1040,9.692,531.3,2563,22.43
2012,112.039419,37.062981,,284.895,22.1,839,154.45,1.35,,3.603,,,1112.9,10.908,463.2,1515,25.14
2012,112.040365,37.854951,,0,6.73,1117,144.69,0.82,,2.78,803.25,,1062.9,8.908,438.2,1724,18.59
2012,112.049822,37.808935,,43.51,11.14,1256,128.54,0.62,,32.004,867.51,,1039.7,8.342,446.3,1797,16.15
2012,112.057237,37.384264,,111.667,14.95,745,209.35,0.77,,2.51,694.81,,1169.3,11.025,430.9,1171,29.33
2012,112.065866,37.231105,,0,10.31,742,163.29,0.91,,3.705,474.27,,1156.6,11.133,436.2,874,13.73
2012,112.073749,37.957971,,205.436,9.08,1087,122.67,0.58,,8.161,807.19,,1089.1,9.467,427.5,1611,15.44
2012,112.078278,37.51637268,,270,18.21,763,175.44,0.92,,1.169,754.72,,1147.5,11.125,436.2,1883,28.15
2012,112.079106,37.13650513,,51.438,16.21,748,164.94,1.01,,1.488,,,1164.9,11.358,450.5,760,23.35
2012,112.080476,36.54600143,,328.103,8.72,1413,154.31,1.27,,14.946,737.07,,968.3,8.692,552.7,2637,25.33
2012,112.0851822,37.788622,,239.011,10.45,1391,159.46,1,,30.852,780.01,,1020,7.7,452.1,2313,16.81
2012,112.090592,37.956212,,349.731,9.37,1092,116.09,0.61,,12.97,714.24,,1096.3,9.342,427,1639,17.06
2012,112.091278,38.876402,,213.741,24.22,1866,80.3,0.85,,25.951,447.59,,742.5,2.608,490.3,2878,10.8
2012,112.095998,37.28282928,,59.174,13.61,750,200.39,1.08,,5.414,456.09,,1160.1,11.092,433.3,793,14.55
2012,112.104636,37.53693771,,180,18.51,771,177.89,0.93,,0.927,812.7,,1142.9,11.05,434.5,1476,18.67
2012,112.105909,37.997722,,136.417,9.17,1204,121.3,0.49,,24.082,722.74,,1063.4,8.8,426.4,1639,13.23
2012,112.108298,37.426984,,231.546,14.91,749,214.13,0.77,,1.491,725.23,,1167.2,11.117,430,782,29.72
2012,112.110712,35.808226,,32.53,8.39,1161,136,1.05,,29.109,812.93,,997.2,10.167,586.4,3079,20.65
2012,112.112658,38.813551,,170.886,19.05,1688,86.23,0.77,,21.478,547.69,,916.3,5.242,466.8,1784,9.43
2012,112.114151,37.90743637,,64.667,10.44,1014,146.18,0.74,,6.475,755.88,,1095.2,9.808,422.6,1720,18.23
2012,112.116167,38.706686,,292.597,10.36,1493,94.01,0.72,,18.626,670.28,,962.6,5.667,457.3,1988,8.63
2012,112.116887,36.16230392,,156.137,14.18,1045,136.61,0.85,,13.918,628.22,,1070,10.275,543.2,2036,14.06
2012,112.119751,39.30602264,,248.849,12.32,1689,100.09,0.83,,2.569,632.01,,883.3,4.225,479.7,1395,14.19
2012,112.121969,35.55660248,,258.504,10.81,935,168,1.22,,4.643,775.68,,1110.9,11.583,601.8,1897,22.48
2012,112.1357117,37.48773193,,270,15.14,753,130.42,1.11,,1.169,839.81,,1155.8,10.975,430.3,782,22.02
2012,112.137266,37.364479,,270,13.74,746,202.61,0.77,,1.167,668.04,,1174.4,11.025,431.1,904,23.92
2012,112.142074,37.463368,,319.973,14.72,747,228.02,0.75,,3.629,715.45,,1160.3,10.983,426.4,782,22.27
2012,112.142608,37.605101,,317.962,8.41,1106,136.12,0.69,,16.969,729.6,,1073,9.992,437.6,2001,13.98
2012,112.142789,37.21534348,,180,14.23,743,195.29,1.06,,0.927,499.65,,1164.4,11.408,441.8,884,17.67
2012,112.152373,37.73714828,,63.698,8.17,1565,142.6,0.48,,10.352,795.99,,941.6,7.142,461.3,2546,13.6
2012,112.157347,37.557193,,128.405,13.4,771,166.9,0.87,,1.493,744.03,,1144.7,11.092,435.6,1476,20.42
2012,112.158529,37.92131042,,51.732,9.94,986,115.16,0.79,,1.497,749.35,,1096.4,9.792,420.2,1639,17.69
2012,112.164516,35.366496,,0,15.88,1286,175.93,1.48,,37.265,,,937.7,9.292,671.1,3127,13.64
2012,112.174843,37.209672,,270,16.64,754,215.13,1.05,,1.164,497.82,,1164.3,11.433,446.3,857,15.43
2012,112.178495,37.92287064,,113.014,12.17,1045,117.46,0.7,,16.164,723.99,,1085.1,9.592,415.5,1483,16.28
2012,112.179279,35.689633,,162.891,12.65,871,155.6,1.19,,3.876,784.09,,1083.4,11.5,593.7,2790,19.86
2012,112.180476,37.23583603,,90,17.67,750,194.85,0.99,,1.165,574.76,,1167.8,11.217,442.3,857,15.28
2012,112.191851,37.911565,,327.636,14.16,977,154.69,0.66,,2.195,883.78,,1092,9.717,412.2,1713,12.53
2012,112.194098,37.805149,,185.561,12.41,1192,155.86,0.71,,22.922,812.74,,1056.5,8.55,435,1866,15.07
2012,112.1971054,37.100602,,20.613,14.82,895,134.69,1.09,,9.812,440.44,,1114.8,10.808,472.2,810,19.26
2012,112.2032547,37.403067,,0,18.35,750,217.68,0.78,,1.854,745.83,,1165.6,11,430.8,1865,26.06
2012,112.203805,35.585734,,200.249,11.24,891,152.8,1.19,,9.789,723.9,,1108,11.8,602,2680,19.58
2012,112.209615,37.573094,,212.246,11.45,759,157.05,1.13,,2.192,771.92,,1142.2,11.133,423.3,1178,21.89
2012,112.214723,38.81702805,,20.138,18.25,1762,94.98,0.59,,13.571,531.21,,899.7,4.542,473.5,1860,6.94
2012,112.2173843,39.095979,,180,9.597,1531,104.896,0.715,,4.627,,,915.3,5.7,458.9,1387,9.27
2012,112.219067,38.914452,,21.576,17.25,1698,78.48,0.73,,12.751,510.51,,903.5,5.208,470.8,1868,9.22
2012,112.223554,37.165964,,284.876,16.58,773,166.82,0.93,,3.608,493.03,,1150,11.15,455,810,12.7
2012,112.229452,37.46195984,,231.559,14.23,751,209.95,0.79,,2.981,735.12,,1154.7,10.908,423.5,1243,20.59
2012,112.231193,37.929843,,231.735,10.16,961,122.71,0.63,,7.446,783.98,,1090.3,9.708,404,1483,16.62
2012,112.232202,37.107721,,297.998,12.86,913,147.36,1.02,,3.945,418.98,,1114.1,10.575,474,810,15.88
2012,112.238316,35.481303,,209.816,13.11,807,211.57,1.46,,15.635,,,1145.7,12.342,606.2,2723,11.11
2012,112.2522278,35.503378,,180,13.5,805,230.82,1.3,,0.927,,,1133.9,12.25,611.2,2003,4.67
2012,112.254158,38.682069,,316.146,15.57,1753,83.3,0.78,,24.179,556.71,,865.5,4.65,465.5,1708,9.21
2012,112.259426,37.493311,,270,22.77,751,184.17,0.8,,1.169,794.64,,1148.7,10.85,420.8,1758,30.37
2012,112.262723,37.285945,,68.307,14.51,759,163.46,1.3,,2.508,461.07,,1169,11.025,436.2,929,14.27
2012,112.268033,37.180848,,308.545,10.99,844,141.3,0.84,,1.488,519.24,,1145.5,10.85,459.9,1171,10.15
2012,112.276234,37.606369,,270,32.44,765,124.39,1.25,,1.171,715.6,,1122.3,11.067,405.4,1192,30.88
2012,112.280519,38.727713,,40.516,13.58,1842,98.31,0.75,,10.849,682.34,,888.8,4.7,468.9,1708,9.32
2012,112.285799,37.37682343,,180,19.8,751,220,1.16,,0.927,552,,1157.5,11.083,431,1169,18.75
2012,112.287914,35.428517,,6.666,14.75,874,171.05,1.2,,18.894,,,1093.2,11.883,623.7,1837,22.07
2012,112.291936,35.528185,,39.323,8.89,721,146.53,1.32,,3.592,,,1140.4,12.442,600.7,2003,10.11
2012,112.293183,37.130616,,270,13.03,966,123.49,1.03,,1.163,487.5,,1111,10.375,478.6,1059,13.9
2012,112.296528,37.278697,,0,14.63,776,207.84,0.84,,0,620.47,,1162.5,10.983,442.9,929,11.81
2012,112.3121796,38.227761,,68.556,10.97,1429,34.32,0.86,,2.535,753.76,,978.2,7.008,431.4,2644,15.83
2012,112.318077,37.627325,,224.772,28.49,854,133.9,1.26,,17.705,784.87,,1091.8,10.817,406,1192,33.48
2012,112.321534,39.013539,,255.48,11.84,1444,92.89,0.69,,10.962,588.05,,955.4,6.467,445.2,1538,7.97
2012,112.334783,37.36944962,,51.524,8.9,762,139,1.07,,2.979,675,,1154.7,11.133,440.3,1163,19.81
2012,112.335492,37.530513,,291.629,18.83,757,129.58,1.05,,2.515,825.54,,1146.8,10.833,425,1254,20.11
2012,112.340102,35.608118,,90,14.1,714,149.23,1.25,,11.261,,,1144.1,12.375,587.1,1679,10.71
2012,112.3402863,38.68499756,,215.908,17.4,1901,71.74,0.89,,24.687,545.53,,867.5,3.85,482.2,1873,11.03
2012,112.343205,39.11299896,,301.829,21.33,1300,70.25,0.73,,7,395,,1012.9,7.45,440.4,1380,9.17
2012,112.346636,39.296373,,90,6.69,1146,85.17,0.68,,3.591,593.29,,1065.6,7.967,428.1,1227,11.19
2012,112.3546677,35.514868,,4.682,12.87,750,153.6,1.42,,13.692,,,1134.5,12.658,603.8,1847,11.14
2012,112.365467,38.834094,,327.304,17.1,1452,117,1.124,,15.072,870,,944.8,6.225,445.7,1514,15.17
2012,112.367362,37.421643,,90,14.4,756,136,1.1,,3.499,650,,1162.2,10.983,433.1,1136,19.8
2012,112.368922,39.2145195,,90,7.77,1133,78.97,0.59,,1.197,558.88,,1064.3,8.092,431.2,1209,12.07
2012,112.3692322,35.422827,,17.055,18.78,793,162.71,1.75,,11.486,,,1111.9,12.167,616.7,1697,9.94
2012,112.376446,37.599126,,68.389,19.51,757,145.69,1.16,,5.024,813.65,,1129,10.942,422.4,1382,23.84
2012,112.380601,35.859061,,116.508,10.46,869,174.3,1.03,,16.181,874.24,,1121.9,11.425,576.9,2250,16
2012,112.382919,35.53015137,,50.861,8.06,697,193.23,1.26,,1.469,,,1129.8,12.658,602,1847,8.73
2012,112.388409,37.375418,,147.822,12.9,773,159,1.23,,2.191,688,,1153.5,10.983,440.3,1163,22.18
2012,112.3899612,37.014831,,334.032,12.37,1651,138.13,0.97,,17.958,521.18,,840.4,6.9,549.6,4013,12.6
2012,112.396439,37.656661,,111.596,10.06,789,156.79,1.46,,2.518,657.12,,1122.8,10.933,418.7,1382,36.38
2012,112.401002,35.62728882,,285.16,11.42,786,176.37,1.22,,3.542,,,1124.6,12.225,591.8,1679,17.17
2012,112.401288,35.737582,,285.14,10.94,699,155.6,1.12,,26.374,748.9,,1149.4,12.225,572.6,1948,19.57
2012,112.401826,39.346499,,0,6.67,1107,63.39,0.59,,0,498.97,,1045.6,8.167,418.4,990,10.68
2012,112.4050064,37.322097,,308.493,14.4,792,170,1.03,,1.49,650,,1149.5,10.925,446.1,1237,18.29
2012,112.416351,37.576931,,212.247,17.64,763,140.96,1.02,,2.192,799.35,,1144.6,10.742,421.5,1254,20.97
2012,112.417695,37.500654,,0,17.41,759,137.41,1.05,,0,672.01,,1157.7,10.858,429.1,1015,18.45
2012,112.419454,39.31483078,,0,10.48,1098,82.63,0.63,,1.854,497.16,,1028.3,8.142,423.7,1259,11.92
2012,112.425633,35.49021149,,285.185,13.86,617,197.75,1.27,,3.537,,,1137.6,13.125,600.4,1647,15.53
2012,112.428663,38.142266,,270,10.59,1425,36.1,0.88,,19.285,734,,949.5,7.375,416.8,2750,15.34
2012,112.441285,38.908421,,331.156,17.9,1211,121,1.072,,14.506,757,,988.1,7.042,423.1,1817,15.72
2012,112.441815,35.556974,,175.864,12,663,217.43,1.23,,15.425,,,1130.7,12.858,588.5,1552,7.77
2012,112.443508,39.36186218,,180,8.74,1105,77.88,0.62,,2.78,514.91,,1013.1,8.183,414.4,1407,11.27
2012,112.449184,37.705129,,75.226,12.14,775,196.96,1.61,,3.632,718.89,,1112.7,10.867,413.8,1883,41.63
2012,112.449439,35.38723755,,98.431,20.11,717,178.43,1.74,,12.451,,,1113.2,12.492,612,1974,10.5
2012,112.456768,39.05796051,,211.005,21.52,1920,75.21,0.77,,15.817,459.75,,788,4.083,482.1,1658,9.65
2012,112.4577332,37.393747,,104.833,22,773,210,1.15,,3.618,620,,1154.5,11.1,440.3,811,17.29
2012,112.459647,35.44108582,,180,11.83,539,158.78,1.16,,5.548,,,1143.2,13.217,591,1647,22.31
2012,112.4721222,37.77103424,,270,9.29,801,153.38,1.84,,4.683,570.89,,1089.2,10.875,412,1578,50.98
2012,112.472862,37.329585,,90,16.25,843,185.8,0.92,,3.495,609,,1133.1,10.783,453.1,1490,15.53
2012,112.485527,37.598504,,51.61,13.96,764,142.25,0.98,,1.493,760.04,,1140.9,10.825,425.5,1366,19.38
2012,112.494179,37.946397,,147.623,10.06,794,165.09,0.84,,2.195,848.62,,1101.5,10.542,394.5,1555,18.9
2012,112.495695,37.71621704,,270,10.99,772,173.27,1.34,,1.172,855.12,,1122.5,10.767,409.6,1883,19.67
2012,112.496523,37.788943,,180,10.11,777,182.64,1.47,,2.78,837.25,,1089.1,10.883,405.7,1578,36.99
2012,112.497348,39.65151596,,127.594,5.61,1403,98.52,0.52,,3.038,,,984.1,5.483,422.4,1437,10.26
2012,112.498736,39.391017,,32.902,7.6,1102,100.3,0.61,,2.208,612.16,,1053.2,8.225,422.1,1407,13.92
2012,112.505091,39.205248,,0,7.11,1094,80.66,0.6,,0.927,550.26,,1078.3,8.15,422.4,1161,13.48
2012,112.508807,35.369139,,259.343,8.55,777,155.04,1.18,,14.714,,,1123.8,12.275,618.1,1981,12.89
2012,112.5133896,37.57004547,,147.755,20.05,768,150.13,1.02,,2.192,776.44,,1151.1,10.858,424.6,1258,19.82
2012,112.515253,37.396332,,147.815,17.73,792,159.99,1.12,,2.191,772.64,,1150.3,10.967,444.6,1367,17.43
2012,112.516474,37.81504059,,0,8.79,781,151.66,1.4,,1.854,455.73,,1089.1,10.883,406.8,1189,33.84
2012,112.522628,37.865024,,180,9.54,787,157.15,1.03,,2.78,744.16,,1080.3,10.9,415,937,21.73
2012,112.524054,35.67301941,,17.106,13.21,637,165.2,1.21,,7.716,776.48,,1153.1,12.717,570.2,1238,17.96
2012,112.524328,37.177062,,169.071,12.1,1214,199,0.86,,12.097,777,,1087.9,9.483,512.5,2023,15.07
2012,112.534051,38.990732,,94.042,14.9,1367,108,1.175,,12.935,780,,976.4,6.775,434.3,2061,16.46
2012,112.534204,35.499354,,323.107,9.68,568,175.52,0.96,,20.019,,,1145.9,13.5,591.2,1841,19.92
2012,112.5431442,35.61666107,,243.999,10.07,606,186.5,1.05,,12.492,722.51,,1139,12.958,575.7,1102,16.21
2012,112.5470123,37.430335,,0,23.71,787,145.06,1.12,,1.854,855.84,,1138.8,11.067,450.3,1058,18.62
2012,112.548423,39.247989,,203.289,6.69,1064,74.76,0.58,,3.026,587.55,,1077.6,8.117,420.1,1161,10.35
2012,112.550414,38.095089,,270,6.62,906,127.53,0.75,,1.178,708.12,,1120.8,9.867,394,1549,12.18
2012,112.553559,37.466799,,231.561,26.69,784,154.98,1.04,,1.492,840.16,,1144,11,434.3,1058,17.06
2012,112.559333,36.55098343,,281.356,8.52,1111,174.57,0.93,,4.7,1026.35,,1053.2,9.992,558.8,2362,13.45
2012,112.563668,39.37309647,,32.895,11.2,1058,100.35,0.63,,2.208,630.42,,1017.1,8.117,401.6,1108,15.34
2012,112.5671844,37.90018463,,180,13.24,805,177.42,0.88,,1.854,775.66,,1088.2,10.825,418.9,937,17.91
2012,112.572925,37.557055,,51.594,24.19,771,170.82,1.06,,1.493,764.83,,1159.5,10.9,424.8,1258,20
2012,112.576346,35.479229,,47.507,10.72,682,197.25,1.11,,12.171,,,1116.7,13.15,600.6,1841,14.85
2012,112.583987,39.395762,,194.51,8.6,1093,86.11,0.61,,4.779,630.39,,1010.6,8.208,412.9,1089,11.59
2012,112.587353,35.611059,,247.879,13.33,638,144.9,2.08,,2.461,742.8,,1131.5,12.725,581.2,1599,31.48
2012,112.591943,36.753196,,286.723,7.57,985,131.24,0.83,,9.579,902.35,,1131.7,10.208,547.3,1054,13.71
2012,112.592637,38.695475,,90,11,981,112,1.105,,12.852,1164,,1055.4,9.258,425.1,1589,14.94
2012,112.597155,37.395155,,51.534,18.67,829,155.22,1.06,,1.491,802.51,,1129.1,10.833,450.7,1467,16.53
2012,112.608673,35.79677582,,159.702,14.99,820,142,1,,9.793,723.35,,1131.4,11.675,576.6,1760,16.05
2012,112.609791,36.692918,,270,6.78,991,145.83,0.9,,1.157,957.84,,1138.7,10.442,546.7,1124,13.37
2012,112.615492,35.713495,,195.306,10.07,828,142.6,1.07,,8.589,695.7,,1113.6,11.733,586.8,2426,17.09
2012,112.622004,39.678568,,213.01,7.61,1474,87.67,0.5,,2.211,,,931.3,5.067,454.5,1443,10.17
2012,112.622779,38.807584,,0,18.5,926,112,1.248,,1.854,933,,1070.3,9.325,421.5,1409,17.01
2012,112.624056,37.48836899,,90,22.9,795,138.64,1.07,,1.169,953.14,,1149.7,10.975,438.4,1091,17.82
2012,112.625622,36.91482162,,243.448,5.85,1123,145,0.81,,10.263,935.32,,1103.8,9.783,546.6,1441,11.79
2012,112.6298752,36.865182,,280.461,9.32,1068,148.92,0.84,,14.975,937.39,,1109.8,9.892,547.9,1441,13.66
2012,112.6328583,36.602609,,114.643,9.54,977,144.31,0.77,,8.827,1004.75,,1140.3,10.492,550.6,1451,14.6
2012,112.6376419,39.252143,,90,9.72,1047,81.29,0.65,,1.198,626.59,,1067.2,8,400.8,1136,11.78
2012,112.6586609,36.488259,,39.666,7.43,1058,179.01,0.94,,7.191,1020.32,,1130,10.25,564.4,2225,15.36
2012,112.664016,39.893294,,161.952,3.56,1453,88.61,0.65,,3.896,500,,935,4.858,444.9,1607,10.14
2012,112.666271,38.031842,,308.226,9.55,894,134.89,0.72,,1.499,712.09,,1119.5,9.708,377.4,1541,12.6
2012,112.6666489,37.64500427,,32.271,8.85,784,231.92,1.02,,2.193,967.52,,1154,10.817,409.1,1211,18.6
2012,112.670724,39.601239,,291.069,6.06,1594,102.01,0.49,,10.21,,,903.3,5.517,464.6,1458,9.87
2012,112.672521,37.440661,,284.824,18.36,832,145.8,1,,3.62,783.26,,1139.9,10.75,447.5,1332,15.46
2012,112.6827545,38.067388,,0,8.96,899,133.9,0.75,,1.854,779.33,,1124.6,9.808,391.9,1199,12.86
2012,112.683823,37.54785156,,345.842,23.75,807,165.56,0.82,,4.772,817.58,,1144.7,10.817,432.9,945,15.23
2012,112.690175,36.673869,,0,7.65,945,168.9,0.72,,1.854,970.92,,1146.3,10.383,551.2,1102,13.47
2012,112.691401,38.727831,,270,15.1,833,104,1.024,,1.189,838,,1093.5,9.983,418.2,1168,11.81
2012,112.692657,38.172072,,270,7.48,986,129.85,0.72,,1.18,750.32,,1113.6,9.175,396.9,1574,12.18
2012,112.699341,38.658208,,212.631,20.1,799,105,1.026,,4.397,983,,1090.2,9.742,416.9,1317,9.74
2012,112.699603,39.312498,,0,6.69,1037,86.6,0.6,,0,712.3,,1047.4,8,408,1014,10.62
2012,112.701448,39.217592,,270,5.68,1070,77.65,0.56,,1.197,626.24,,1036.9,8.092,422.2,1485,9.05
2012,112.7016068,38.757394,,0,15.5,839,105,1.095,,1.854,759,,1092.9,9.892,418.2,1421,14.74
2012,112.703317,37.597301,,51.61,9.77,793,224.41,0.93,,1.493,913.17,,1147.6,10.8,424.8,1137,17.32
2012,112.711371,36.775073,,51.306,8.7,999,157.52,0.8,,22.504,1012.74,,1129.3,10.167,551.7,1402,13.56
2012,112.716006,37.714255,,284.772,12.26,803,167.33,0.98,,3.633,810.39,,1109.1,10.883,401.2,1315,18.37
2012,112.717101,35.883388,,235.221,16.79,915,158.2,1.07,,9.663,777.15,,1101.5,10.992,582.1,1131,17.9
2012,112.718983,37.724597,,291.578,12.48,809,186.72,1.39,,2.52,789.91,,1112.5,10.8,400.5,1315,36.34
2012,112.7248611,37.770571,,202.865,8.47,852,164.57,1.06,,3.017,679.31,,1125.9,10.517,404,1611,25.62
2012,112.726176,38.730884,,90,19.7,815,81,1.06,,3.562,688,,1093.6,9.95,418,1168,14.39
2012,112.727201,37.53554535,,251.23,19.32,830,154.61,0.99,,8.583,964.84,,1141.7,10.708,435.4,945,15.73
2012,112.728461,36.71910095,,136.904,7.32,994,169.38,0.78,,5.067,940.54,,1138,10.342,546.4,1102,13.3
2012,112.729878,39.72753525,,169.477,9.15,1596,92.26,0.56,,6.574,,,889.9,4.942,444.7,1602,11.36
2012,112.730279,38.862341,,127.906,12.3,836,106,1.16,,1.509,779,,1100.8,9.508,415.2,1036,17.02
2012,112.730597,40.029322,,318.956,3.97,1290,90.61,0.56,,3.684,584,,974.9,5.658,418.1,1540,10.68
2012,112.731596,38.182576,,242.344,7.58,1010,141,0.72,,3.99,729.15,,1098.4,9.175,392.1,1574,11.72
2012,112.733127,40.105068,,156.452,5.55,1329,98.44,0.68,,3.032,595,,1003.3,6.042,421.7,1673,11.2
2012,112.740296,37.44586182,,327.798,17.69,889,150.77,0.91,,4.376,909.5,,1117.8,10.558,455,1332,15.02
2012,112.752029,37.697009,,220.116,2.43,817,180.9,1.15,,3.634,829,,1119.2,10.667,402.7,1309,23.74
2012,112.755366,36.642782,,28.983,8.63,956,188.94,0.75,,9.456,1045.64,,1136.9,10.458,551.6,1475,13.55
2012,112.755921,38.894584,,189.124,12.4,839,92,1.049,,7.472,675,,1102.6,9.483,415.5,1053,11.72
2012,112.778788,39.889798,,270,3.56,1622,86.37,0.62,,4.824,532,,876.2,4.675,455.3,1632,11.96
2012,112.779713,38.968071,,232.135,15.5,857,95,1.043,,4.524,685,,1094.6,9.45,413.9,1040,11.04
2012,112.779793,37.57910919,,327.752,20.49,874,284.39,0.85,,2.192,860.2,,1124.8,10.442,423.6,1528,15.49
2012,112.781414,36.102851,,111.998,1.12,978,161.75,1.12,,2.475,916,,1144.2,10.825,579.9,1230,20.93
2012,112.782727,36.22149277,,180,1.35,955,184.25,1.35,,1.854,921.19,,1151.3,10.783,573.3,1612,13.8
2012,112.784219,36.838461,,17.347,8.43,952,176.62,0.84,,3.881,988.36,,1139.9,10.292,549,1264,12.75
2012,112.790413,38.076662,,197.619,8.41,1024,126.31,0.72,,3.887,694.32,,1081.9,9.242,384.9,1432,11.54
2012,112.797274,37.491045,,22.788,14.58,907,160.03,0.88,,11.898,973.23,,1110,10.542,448.6,1579,15.74
2012,112.803993,39.269454,,307.746,17.01,1049,138.83,0.53,,1.515,,,1041.7,8.158,416.9,1107,10.53
2012,112.807134,39.412383,,270,11.02,1025,103.57,0.4,,1.2,,,1047.4,7.983,405.6,1321,8.14
2012,112.8203659,38.863676,,190.396,13.9,841,101,1.041,,6.572,842,,1084,9.592,413.4,1053,9.92
2012,112.822471,35.76904678,,180,15.29,870,150.58,1.29,,4.627,807.51,,1146.2,11.825,595,1674,24.83
2012,112.822867,39.479929,,180,8.27,1022,116.65,0.4,,1.854,,,1055.3,8.225,417.4,1325,8.15
2012,112.824988,37.625011,,319.912,14.35,910,194.48,0.69,,10.782,870.29,,1114.8,10.233,403.9,1291,12.72
2012,112.826046,38.70015717,,232.031,17.8,818,105,1.031,,1.507,818,,1101.6,9.967,410.8,1428,10.6
2012,112.827231,35.734621,,292.091,13.72,856,159.56,1.36,,2.465,791.2,,1144,12.083,594.8,1677,27.94
2012,112.831113,36.062815,,0,1.45,942,170.5,1.45,,0.927,865.1,,1146.9,10.933,585.6,1479,16.77
2012,112.831766,36.705237,,133.892,7.84,1026,202.74,1.01,,7.975,1048.69,,1119,10.117,569.1,1785,14.79
2012,112.832471,39.61528397,,291.065,9.44,1038,85.21,0.53,,2.579,,,1045,7.85,397.2,1330,10.63
2012,112.843134,40.090163,,117.023,4.36,1234,100.77,0.66,,4.076,594,,1010.2,6.358,415,1517,11.58
2012,112.845797,36.146148,,90,1.21,955,171.11,1.21,,2.296,884.56,,1151.6,10.892,580.8,1526,20.11
2012,112.846249,39.53329086,,44.2,11.02,1032,112.2,0.49,,5.161,,,1058.5,8.108,411.1,1103,9.63
2012,112.8560028,35.797788,,78.537,14.61,917,136.38,1.2,,9.253,771.49,,1140.2,11.75,594.9,1448,21.04
2012,112.857245,39.317077,,52.273,15.67,1038,107.1,0.5,,1.515,,,1049.3,8.175,417.2,1113,9.99
2012,112.858528,38.954848,,0,16.2,837,124,1.026,,2.78,771,,1058.2,9.225,405.3,945,10.79
2012,112.873466,36.249934,,270,0.97,946,147.3,0.97,,1.15,813.9,,1155.2,10.9,577.8,1196,21.43
2012,112.874476,37.820485,,231.694,13.59,1180,149.74,0.65,,2.99,800.78,,1037.6,8.783,398.1,1421,12.17
2012,112.877008,35.869516,,247.943,13.56,882,154.86,1.26,,2.468,855.8,,1147.9,11.608,592.3,1053,23.22
2012,112.877447,36.202899,,90,1.01,932,171.08,1.01,,5.728,1045.96,,1160.5,10.942,581.4,1196,18.25
2012,112.887779,36.075537,,13.899,0.87,940,149.92,0.87,,4.766,1173.06,,1148.7,11.092,587.5,1106,18.5
2012,112.890283,37.640357,,83.546,13.24,900,200.53,0.75,,8.195,827.55,,1101.9,10.3,406.8,1360,13.7
2012,112.894316,39.926694,,77.044,6.23,1611,73.47,0.64,,12.222,554,,875,5.167,455.1,1501,13.24
2012,112.895233,35.98985291,,222.828,0.91,1009,142.76,0.91,,5.046,1041.67,,1130.8,10.925,596.8,1149,20.44
2012,112.897374,36.125075,,270,0.89,940,156.98,0.89,,1.148,1046.95,,1155,11.017,584.8,1526,18.8
2012,112.898381,40.185638,,90,5.51,1271,70.85,0.75,,1.214,469,,996.5,6.092,424.7,1534,12.79
2012,112.902456,38.254529,,212.486,7.56,1341,142.33,0.86,,6.568,723.28,,980.1,7.117,395.7,1807,14.17
2012,112.904513,35.865034,,331.258,12.47,903,146.09,1.32,,9.434,811.51,,1135.7,11.367,600.4,1053,28.91
2012,112.908854,37.709881,,139.88,6.73,834,158.69,0.57,,7.239,775.34,,1119.7,10.267,390.9,1469,10.48
2012,112.917127,39.583104,,0,9.58,1011,115.77,0.42,,0,,,1061.9,8.192,408.2,1312,8.44
2012,112.928932,35.810897,,112.071,14.08,851,145.52,1.48,,4.924,766.05,,1138.2,11.892,600.3,1229,29.31
2012,112.935677,35.787689,,211.649,13.66,830,161,1.36,,2.178,808.72,,1147.7,11.983,606.1,1229,27.26
2012,112.938727,35.79857254,,67.926,15.02,846,147.87,1.51,,2.466,841,,1141.9,11.867,604.8,1229,29.4
2012,112.9394455,39.87873077,,207.53,12.84,1338,111.7,0.75,,5.215,597,,929.3,6.325,415.1,1503,19
2012,112.942274,39.446193,,270,12.73,1010,108.74,0.47,,2.401,,,1046.3,7.967,404,1311,9.34
2012,112.942685,38.056727,,147.584,9.27,1254,129.88,0.83,,2.196,742.28,,1024.4,7.825,392.6,1799,13.17
2012,112.9485168,35.952485,,340.56,0.83,1118,126.88,0.83,,19.824,962.43,,1091.7,10.5,613.2,1562,20.24
2012,112.950413,35.722171,,298.424,12.15,805,167.5,1.29,,3.891,861.81,,1161.7,12.183,597.7,730,27.74
2012,112.957219,40.128453,,206.126,3.96,1280,100.64,0.48,,8.208,511,,999.9,6.483,420,1416,10.42
2012,112.968571,36.147596,,118.295,1,937,153.18,1,,3.907,912.3,,1156.3,11.025,589.1,1258,15.23
2012,112.976877,35.76842499,,148.357,11.68,848,138.51,1.42,,2.178,749.87,,1147.1,11.883,603.4,1229,29.65
2012,112.977747,35.853091,,180,11.18,892,152.35,1.26,,2.78,832.39,,1131.4,11.592,604.5,1258,27.01
2012,112.9846954,35.884042,,101.45,11.54,917,140.92,1.23,,4.662,801.53,,1131.9,11.475,604.4,1258,27.94
2012,112.990665,40.107325,,270,5.31,1190,106.46,0.8,,2.424,,,1013.9,7.192,411.1,1416,15.34
2012,112.999118,39.370303,,0,15.95,1044,103.24,0.47,,1.854,,,1025.8,8.05,414.3,1133,9.45
2012,113.0007553,36.121039,,231.07,0.87,918,129.59,0.87,,1.476,1125.85,,1154.2,11.083,589,1332,17.62
2012,113.0067215,38.641662,,284.593,12.5,790,128,1.054,,3.676,873,,1102.5,10.067,398.6,1412,11.99
2012,113.010204,39.970681,,189.869,5.7,1394,91.85,0.74,,13.845,,,907.9,6.167,417.2,1520,14.69
2012,113.013618,38.715646,,332.858,16.1,877,119,1.021,,10.31,774,,1081.3,9.7,401.6,1660,10.05
2012,113.0161591,40.23143005,,110.893,,1213,,0.687,,2.599,,,1007.1,6.158,412.7,1583,11.89
2012,113.047403,35.855013,,279.208,10.99,951,139.72,1.38,,5.777,762.64,,1130.3,11.375,617.5,1629,29.49
2012,113.0474472,40.289081,,249.123,,1240,,0.651,,2.601,,,1002.9,6.15,405,1677,11.69
2012,113.052726,40.194845,,52.625,,1273,,0.665,,10.574,,,993.8,6.208,405,1583,12.78
2012,113.065842,36.354265,,0,11.41,896,162.37,0.7,,0.927,895.08,,1107.7,11.367,590.9,1166,17.18
2012,113.077069,36.190608,,308.905,15.39,925,178.19,0.78,,1.476,956.87,,1115.8,11.367,588.7,1305,17.16
2012,113.086457,35.75978851,,118.413,13.59,1006,167.55,1.4,,7.749,842.62,,1127.2,11.175,633.6,1011,27.12
2012,113.086558,36.41258621,,90,9.4,880,166.97,0.76,,3.453,885.58,,1119.4,11.308,571,1059,17.58
2012,113.097242,35.697683,,309.08,13.09,855,185.87,1.29,,1.471,905.96,,1146.8,11.55,624.2,1249,26.71
2012,113.099884,35.625376,,155.898,22.22,1029,164.31,1.13,,11.038,805.5,,1117.8,11.1,642.3,685,19.43
2012,113.109367,36.43804169,,248.088,8.06,897,176.07,1.11,,2.484,958.82,,1121.2,11.158,581.1,1079,19.44
2012,113.119916,35.846055,,254.88,13.3,1029,160.86,1.29,,3.551,878.87,,1125,10.983,633.5,1582,30
2012,113.129186,36.323528,,308.858,13.35,912,164.71,0.75,,2.954,877.63,,1123.4,11.075,602.2,862,18.77
2012,113.132907,35.804731,,270,16.32,998,182.47,1.33,,1.143,856.09,,1135.4,11.075,633.7,1011,22.8
2012,113.133459,36.229525,,39.572,11.9,927,168.29,0.68,,3.605,872.18,,1118.3,11.192,599.1,1058,17.83
2012,113.155196,40.013528,,90,12,1063,135.4,0.82,,1.211,,,1001.5,7.925,403.7,1345,19.06
2012,113.157363,36.355969,,308.846,8.67,941,171.94,0.91,,1.478,1007.87,,1120.6,10.992,604.7,1059,19.34
2012,113.162295,35.675008,,193.831,24.62,1162,182.91,1.26,,4.765,769.45,,1099,10.625,657.3,1249,22.75
2012,113.163587,36.227941,,180,13.9,956,157.32,0.71,,0.927,868.74,,1120.1,10.992,606.4,1058,17.99
2012,113.164895,40.270717,,270,,1221,,0.672,,1.215,,,996,6.358,399.1,1600,12.64
2012,113.180482,35.861475,,129.023,18.96,1073,164.59,1.26,,7.325,734.86,,1116.1,10.567,644.7,1503,23.43
2012,113.189637,36.01137161,,219.494,14.98,1156,157.48,1.24,,7.174,,,1101.2,10.1,635.1,1494,26.39
2012,113.192641,36.291602,,211.813,11.07,948,180.27,1.15,,4.357,986.52,,1131.8,10.825,605.4,946,18.33
2012,113.198443,40.053569,,69.057,15.32,1056,147.86,1.18,,2.593,,,991.5,8.125,409.2,1202,31.06
2012,113.211891,36.10570145,,180,12.38,1035,174.87,1.34,,0.927,,,1115.1,10.633,624.8,1492,26.08
2012,113.2156067,36.154031,,90,16.44,1012,158.02,1.25,,2.296,,,1123.5,10.767,620.1,1492,26.61
2012,113.2280121,36.338153,,0,11.35,948,158.54,0.82,,0,984.3,,1112.2,10.975,609.9,1148,14
2012,113.230627,40.237654,,326.776,,1216,,0.656,,4.426,,,981.1,6.367,401.3,1815,14.28
2012,113.233427,40.102647,,146.828,7.11,1105,132.98,0.84,,2.215,,,985.2,7.908,415.3,1498,16.16
2012,113.238353,35.951091,,224.661,14.54,1205,147.71,1.19,,12.821,,,1083.7,9.7,655.5,1426,24.02
2012,113.245158,39.19433594,,180,11.07,936,115.92,0.59,,3.705,756.58,,1057.9,9.142,403,1319,10.86
2012,113.252334,40.0225563,,180,13.06,1040,143.84,0.84,,0.927,,,996.1,7.875,408.2,1012,24.58
2012,113.257268,40.089025,,326.833,13.31,1069,151.02,1.02,,2.215,,,973.2,8.075,435,996,29.49
2012,113.257351,36.136072,,270,15.41,1106,151.04,1.21,,2.296,,,1082.3,10.2,634.2,2074,23.4
2012,113.262026,36.373433,,270,9.48,1013,179.09,0.91,,4.598,1009.37,,1084.2,10.8,611,1575,18.04
2012,113.266811,36.523431,,211.89,15.16,786,243.72,0.96,,2.184,1009.12,,1137,11.508,587.3,1882,18.53
2012,113.271411,36.29782486,,13.937,11.51,1016,165.37,0.88,,4.767,1035.04,,1105.9,10.908,616.1,1265,14.9
2012,113.274991,35.556117,,272.74,26.92,1247,207.41,1.47,,18.709,834.7,,945,9.658,681.9,2938,26.19
2012,113.278388,36.07924271,,296.8,14.87,1208,152.48,1.26,,10.177,,,1063.2,9.642,646.2,2197,28.63
2012,113.280967,35.99603271,,195.359,14.94,1213,148.42,1.26,,8.592,,,1067.3,9.642,652.1,1869,27.19
2012,113.282194,39.177325,,127.783,9.86,928,95.18,0.58,,1.514,750.49,,1058.1,8.942,397.1,1254,10.58
2012,113.282639,35.781978,,352.201,20.27,1333,172.49,1.38,,8.365,758.76,,1063.7,9.367,690,1569,24.25
2012,113.299433,40.069979,,180,14.87,1043,148.21,1.09,,1.854,,,965.5,7.833,393.1,1012,30.12
2012,113.304298,35.693355,,257.511,14.37,1226,182.38,1.43,,12.657,829.24,,1046.2,9.817,673.7,2121,24.28
2012,113.3125,36.343004,,128.851,9.4,1010,175.2,0.95,,1.478,1037.95,,1103.1,11.067,615.2,1575,19.23
2012,113.313105,35.845574,,256.96,21.16,1355,162.57,1.51,,8.166,777.2,,1053,8.942,689.7,1714,27.65
2012,113.324134,36.462192,,90,6.76,731,173.29,0.77,,4.603,1035.86,,1148.5,11.792,588.6,1724,17.93
2012,113.3429718,36.086081,,0,15.24,1303,160.4,1.26,,5.548,,,1032.4,9.1,661.2,2591,26.21
2012,113.346962,39.060592,,239.15,21.8,1594,167.83,1.25,,32.267,878.59,,875.3,5.825,441.9,2089,25.12
2012,113.352896,40.167842,,180,,1131,,0.69,,2.78,,,1000.2,6.925,412.9,1441,12.04
2012,113.356193,35.946802,,216.544,14.79,1543,148.37,1.24,,16.817,,,956.9,8.325,695.2,2874,25.51
2012,113.363503,40.08263397,,0,11.55,1050,129.83,0.99,,0,,,1005.6,7.458,407.9,1074,20.13
2012,113.371254,39.220781,,194.475,11.51,1026,125.55,0.56,,4.778,746.61,,1053.5,8.767,404.7,1046,10.48
2012,113.371924,36.473555,,342.73,15.7,728,216.47,0.97,,3.879,978.52,,1155.3,11.742,595.2,1273,18.5
2012,113.375732,36.32007217,,231.141,10.48,746,181.04,0.77,,4.426,1061.69,,1142.5,11.7,600.9,1569,17.54
2012,113.393212,36.505687,,279.133,15.54,731,230.52,0.93,,5.823,1000,,1152.1,11.633,593.7,1641,17.64
2012,113.396966,36.583924,,219.701,14.14,1039,198.57,1,,7.195,1005.65,,1072.1,10.392,613.6,2178,18.09
2012,113.416675,35.993038,,125.723,15.5,1515,142.8,1.27,,23.922,,,955.4,8.2,701,2671,25.73
2012,113.418869,36.748496,,308.704,13.67,867,177.19,0.99,,10.271,962.13,,1101.3,10.942,589.6,1928,18.64
2012,113.423184,39.19846344,,315.938,7.84,1039,116.67,0.53,,5.149,772.68,,1030.2,8.133,408,1308,9.96
2012,113.428588,35.89751053,,270,13.67,1245,135.44,1.22,,12.397,,,962.5,9.225,675.7,2888,22.27
2012,113.429325,36.529289,,51.216,12.8,779,232.72,0.98,,2.959,985.73,,1145.3,11.367,597.4,1325,18.17
2012,113.429655,36.448163,,211.864,14.48,906,243.91,0.9,,22.749,970.39,,1116.7,11.117,613.5,1546,16.44
2012,113.450309,35.552552,,276.447,21.92,1175,182.9,1.45,,35.786,879.76,,935.7,10.025,685.8,2432,21.74
2012,113.455324,36.807941,,289.588,12.5,848,171.45,0.95,,10.932,1000.77,,1105.7,10.683,591.9,1751,18.44
2012,113.466055,39.624305,,203.401,5.3,1035,104.69,0.61,,3.029,724.14,,1028.4,7.808,401.2,1247,8.59
2012,113.4726563,35.8011322,,117.797,24.28,1389,202.45,1.52,,24.287,795.6,,919.7,8.492,715.8,2576,27.01
2012,113.4853592,36.547041,,180,14.11,861,226.09,0.95,,4.627,961.08,,1108.6,11.158,605.8,1325,19.35
2012,113.4882813,37.64755249,,215.055,12.15,1340,184.91,0.66,,19.593,563.6,,964.5,8.317,472.7,1911,11.9
2012,113.496568,39.244401,,232.244,13.55,1048,140.55,0.66,,1.514,798.34,,1042.6,8.208,407.9,1308,12.23
2012,113.503429,39.618665,,270,7.85,1045,103.43,0.63,,1.204,835.7,,1016.2,7.55,397.7,998,8.75
2012,113.507073,35.716847,,115.973,21.74,1386,225.29,1.54,,12.505,852.81,,913.6,8.933,708.1,3089,24.1
2012,113.516084,37.519199,,299.978,15.87,1480,180.5,1.05,,14.53,633.37,,942.6,7.392,522.9,2630,19.93
2012,113.5368576,35.85794449,,146.059,21.98,1395,162.22,1.34,,23.233,664.13,,914.7,9.258,701.3,2074,24.95
2012,113.540089,39.638594,,307.599,32.11,1054,118.95,0.84,,1.52,993.82,,1012,7.342,394,998,13.07
2012,113.567637,39.68961716,,307.579,6.81,1097,122.42,0.69,,10.526,721.07,,1014.9,7.475,406.5,1339,9.88
2012,113.573545,39.261261,,120.144,11.96,1099,125.26,0.63,,5.524,757.82,,1024.4,8,410.9,1372,12.91
2012,113.5753021,35.889701,,39.451,16.37,1337,146.59,1.32,,14.121,,,916.7,9.408,704.9,2074,26.87
2012,113.579456,39.734025,,44.283,8.35,1144,104.13,0.65,,5.168,681.45,,1018.8,7.383,412.3,1339,10
2012,113.584314,35.92352676,,152.528,16.82,801,157.67,1.26,,19.119,,,1025,11.65,638.2,1931,26.81
2012,113.5873718,40.358766,,90,8.04,1384,112.4,0.77,,9.645,713.9,,887,5.433,394.6,1507,11.78
2012,113.594114,39.22917175,,180,17.99,1192,188.48,0.96,,2.78,868.23,,974.6,7.3,414.1,1605,19.05
2012,113.624574,39.729822,,0,9.93,1093,110.65,0.69,,0,647.64,,1024.4,7.358,397.8,1202,11.48
2012,113.643365,39.839324,,270,7.65,1215,101.27,0.61,,1.208,641.54,,938,6.542,412.1,1605,9.58
2012,113.649842,39.521022,,4.939,33.04,1687,200.37,1.13,,13.697,907.95,,794.8,3.85,489.7,1848,18.99
2012,113.660097,39.747343,,180,8.78,1095,105.5,0.64,,1.854,686.42,,1011.1,7.3,399.4,1202,9.73
2012,113.678379,39.683337,,0,27.27,1101,118.4,0.79,,0.927,846.79,,962.2,7.208,381.4,1395,14.67
2012,113.678552,40.266334,,52.655,12.17,1063,125,0.91,,1.529,674.3,,988.6,7.392,393.2,1499,14.05
2012,113.681936,39.3691864,,303.53,11.29,1379,113.07,0.57,,9.973,771.39,,979.4,6.933,444.7,1548,10.06
2012,113.688707,39.29899979,,52.266,10.56,1147,116.94,0.64,,1.515,785.37,,1030,7.842,420.3,1399,11.56
2012,113.6945801,39.704938,,127.573,21.65,1098,120.85,0.91,,1.521,618.47,,971.1,7.217,391.1,1395,19.28
2012,113.706403,37.494242,,283.719,10.76,1087,136.31,1.08,,15.271,543.64,,1057.8,9.592,509.7,2024,18.71
2012,113.712564,37.619467,,75.21,10.06,907,119.64,0.76,,7.228,514.12,,1091.6,10.508,479.6,1232,13.79
2012,113.716422,37.665178,,0,9.6,961,137.11,1.02,,8.289,507.57,,1081.6,10.267,478.3,1232,20.29
2012,113.726526,37.57530594,,308.399,9.89,1012,113,0.81,,7.424,556.32,,1076.1,9.9,494.7,1605,14.75
2012,113.743902,39.644654,,182.479,21.31,1403,104.94,0.8,,25.924,703.52,,877.7,5.825,435.4,1656,21.2
2012,113.751674,40.14553452,,318.907,6.79,1158,97.9,0.71,,3.687,691.4,,978.4,6.65,399.5,1621,9.96
2012,113.761541,40.377883,,326.721,9.9,1054,119.3,0.93,,2.218,879,,990,7.425,385.2,1670,14.45
2012,113.775266,39.624432,,193.681,22.73,1553,166.34,0.85,,14.926,749.45,,865.7,5.242,430.7,1464,16.55
2012,113.777706,39.302375,,0,10.01,1171,89.17,0.56,,0,706.17,,1014.1,7.683,420.7,1213,10.55
2012,113.811374,37.49272537,,135.887,9.26,971,143.53,1.02,,16.336,547.39,,1105.5,9.975,514.7,1812,16.67
2012,113.825946,40.283433,,307.338,8.08,1032,103.7,0.79,,1.529,644.5,,1002.3,7.108,394.3,1465,11.49
2012,113.837196,39.791098,,222.91,5.02,1380,92.67,0.63,,8.795,657.44,,889.6,5.758,425.9,1593,9.55
2012,113.838969,39.541399,,274.201,17.15,1596,180.31,1.02,,23.846,801.19,,907.3,5.592,454.6,1870,18.99
2012,113.8507919,37.640325,,145.44,12.28,890,170.33,0.96,,12.201,560.93,,1086.6,10.583,491.5,1532,18.41
2012,113.8591232,39.661555,,143.845,17.8,1931,103.68,0.8,,17.785,706.08,,742.8,3.333,513.8,1696,18.17
2012,113.883067,37.504221,,333.242,13.45,951,133.9,0.98,,5.179,669.97,,1087.7,10.342,520.4,1620,16.46
2012,113.883729,40.373451,,146.723,8,1021,126.8,0.89,,2.218,939.9,,1009.9,7.3,388.9,1812,13.74
2012,113.885991,39.280698,,248.842,9.02,1256,91.1,0.59,,2.568,732.058,,1003.8,7.4,439.7,1295,11.07
2012,113.903697,40.417714,,23.645,11.6,1051,119.63,1.07,,3.035,691.8,,1006.6,7.367,392.9,1623,16.41
2012,113.905217,39.68876266,,180,19.73,1665,140.36,0.96,,10.993,716.08,,800.9,3.85,491.8,1721,20.99
2012,113.906029,40.06035995,,127.429,8.2,1028,106.7,0.67,,1.526,1067.7,,1014.4,7.917,393.2,1403,9.13
2012,113.906727,39.961955,,270,5.18,924,114.4,0.76,,1.21,768.3,,976.8,7.625,388.3,1361,11.73
2012,113.910788,40.286284,,0,9.6,1034,120.5,0.68,,0.927,680.5,,997,7.15,389.1,1754,9.35
2012,113.9277649,39.436927,,129.751,7.77,1174,117.12,0.77,,19.515,663.45,,977.8,7.45,422.9,1687,13.39
2012,113.937312,39.124167,,120.192,22.75,927,163.27,1.31,,21.12,888.5,,1026.4,9.775,407.4,1783,26.39
2012,113.940419,40.390627,,270,7.04,1012,98.79,0.7,,1.218,820.72,,1007.1,7.183,391.9,1834,11.25
2012,113.948838,37.461343,,140.593,8.4,1183,135.07,1.01,,25.728,399.74,,984.4,9.192,545,2131,16.63
2012,113.955235,37.644877,,264.972,13.08,745,153.04,1,,10.465,689.45,,1093.8,10.992,502.7,1506,19.64
2012,113.969089,40.142371,,0,6.6,1037,114.7,0.73,,0,707.7,,1018.6,7.642,399.2,1359,9.47
2012,113.977332,39.97393799,,326.877,6.86,880,113.5,0.75,,2.214,791.4,,949,7.583,384.4,1509,11.3
2012,113.985047,39.80576706,,180,8.02,1400,84.63,0.68,,1.854,845.24,,909.9,6.192,436.5,1544,10.79
2012,113.985806,39.338925,,342.087,9.15,1289,148.41,0.88,,11.538,760.73,,967.5,7.358,437.3,1683,13.88
2012,114.042312,37.683877,,295.4,15.34,739,140.11,1.05,,18.76,732.93,,1075.3,11,506,2016,18.92
2012,114.04702,40.349347,,270,6.68,1050,97.54,0.7,,1.217,799.7,,996.2,7.208,389.9,1718,11.04
2012,114.0513763,39.492793,,270,8.01,1206,110.75,0.71,,4.796,620.68,,990.8,7.442,428.9,1810,12.78
2012,114.0628052,39.394441,,327.097,6.09,1022,91.36,0.69,,2.208,650.61,,1040.7,8.183,418.3,1319,10.55
2012,114.069523,40.19952393,,116.985,8.69,1154,137.75,0.67,,8.121,644.02,,992.5,7.217,405.3,1375,9.61
2012,114.079726,40.448587,,0,5.47,1007,96.29,0.84,,1.854,979.69,,994.7,7.408,396.9,1475,15.57
2012,114.103311,40.42591476,,232.72,6.13,996,91.69,0.73,,1.531,851.5,,989.1,7.375,390.8,1387,11.88
2012,114.105683,39.76063538,,146.959,6.44,1117,142.69,0.73,,2.212,931.15,,1017.6,7.592,410.4,1394,12.82
2012,114.118015,39.824174,,146.935,8.22,1252,89.15,0.72,,2.212,751.47,,1001,7.075,428.6,1394,9.52
2012,114.118109,40.32542038,,203.616,8.27,1203,111,0.72,,6.051,855.36,,983,6.792,408.5,1507,10.96
2012,114.155983,39.525498,,220.837,6.33,1249,95.09,0.63,,3.673,620.3,,994.3,7.283,432,2180,10.45
2012,114.168128,40.255269,,232.65,8.05,1375,109.35,0.7,,6.092,778.08,,929.4,5.95,426.3,1457,10.66
2012,114.183588,39.128133,,90,12.26,859,171.96,1.09,,15.178,781.39,,1055.8,9.742,426.1,1907,19.83
2012,114.191831,39.30255127,,180,4.91,1411,80.74,1,,6.465,1112.85,,931.7,6.517,480.2,2187,16.47
2012,114.199263,39.196447,,104.484,9.95,1128,136.82,0.95,,17.932,796.76,,1016.4,8.258,453.5,1758,15.4
2012,114.214382,39.752458,,180,8.17,995,116.62,0.73,,0.927,685.53,,1042.6,8.15,405.4,1511,11.4
2012,114.227186,40.533437,,180,8.2,973,128.43,0.78,,1.854,805.09,,1004.1,7.75,399.5,1505,13
2012,114.2415085,40.444171,,232.727,6.2,1118,96.9,0.74,,9.111,846.31,,977,6.842,406.4,1472,11.79
2012,114.243096,39.449522,,0,6.24,948,82.77,0.68,,0.927,631.28,,1060.8,8.683,421.5,1244,10.63
2012,114.288581,39.71641541,,336.571,8.6,977,105.72,0.77,,3.03,857.27,,1021.3,7.908,406.6,1718,11.96
2012,114.296508,39.76716995,,127.548,11.46,975,124.92,0.78,,3.041,694.39,,1040.7,8.367,408.3,1508,12.21
2012,114.323379,39.22619629,,90,7.63,845,131.7,0.81,,2.393,671.54,,1069.5,9.6,424.1,1905,13.06
2012,114.327535,39.452638,,111.11,5.59,982,86.94,0.65,,2.573,687.52,,1071.9,8.608,434.6,1296,9.33
2012,114.348658,39.797132,,270,8.95,972,121.86,0.65,,4.817,695.23,,1051.2,8.058,413.2,1233,11.45
2012,114.368973,39.54553986,,242.793,5.57,1240,104.64,0.65,,8.061,580.37,,993.8,7.175,443.1,1523,10.22
2012,114.3744812,39.75925827,,90,9.89,952,123.86,0.76,,2.412,688.02,,1036.4,7.733,408.9,1233,11.8
2012,114.376855,39.322338,,106.031,8.5,863,179.87,1.04,,37.308,712.26,,1027.6,9.55,416.7,2272,19.8
2012,114.383333,39.199761,,180,3.76,1253,123.23,1.37,,7.379,1463.38,,961.7,8.008,450,2005,21.85
2012,114.3875732,40.30785751,,156.389,5.68,1401,118.87,0.94,,3.034,812.02,,894.3,5.633,451.9,1492,16.04
2012,114.4129333,39.40788651,,272.949,3.77,1101,90.38,1.05,,17.468,964.37,,995.9,7.892,436.5,2552,17.44
2012,114.427218,39.546847,,323.46,7.32,1389,124.61,0.75,,8.028,639.58,,964.1,6.142,466.1,1613,12.14
2022,110.6500015,37.15999985,62.321,258.732,45.454,998,237.382,1.05,1.04,18.334,,8.503,1161.8,11.108,566.9,1880,23.68
2022,110.6800003,38.33000183,33.68,0,3.633,736,56.514,0.34,0.717,0.927,,9.452,1181.5,10.825,485.9,1590,5.87
2022,110.7200012,35.63999939,66.313,230.899,31.799,467,221.216,0.937,0.81,4.403,,8.938,1254.7,14.658,557.2,2603,20.58
2022,110.7699966,36.70999908,71.754,180,13.602,1241,139.214,0.857,0.953,5.548,,8.666,1134.4,10.55,560.5,1987,12.81
2022,110.8199997,37,51.333,234.629,26.66,949,108.832,0.71,1.04,12.61,,8.864,1172.7,10.933,558,1581,11.9
2022,110.8600006,34.75,65.262,90,15.68,554,240.848,1.087,0.917,1.129,,8.723,1251.6,14.525,550,2630,15.8
2022,110.8700027,34.75,74.501,129.408,26.962,551,194.438,0.913,0.863,1.461,,8.819,1253.3,14.65,545,2630,18.44
2022,110.8700027,34.81999969,73.886,94.268,42.507,896,304.026,0.803,1.117,23.51,,9.231,1186.8,13.525,565.3,2728,14.91
2022,111.1500015,35.45000076,63.438,67.838,80.489,678,307.182,1.047,1,2.457,,8.474,1230.6,13.542,553.4,1718,15.04
2022,111.2799988,37.38000107,61.712,192.888,4.226,1444,64.103,0.83,0.63,20.069,,8.669,963.4,8.008,567.3,4459,15.09
2022,111.3799973,36.06999969,112.902,202.411,16.127,451,127.409,1.757,1.187,3.007,,8.288,1234.6,13.867,530.9,3504,29.13
2022,111.4499969,35.61999893,104.85,180,13.23,444,225.742,1.523,1.353,3.705,,8.514,1255.1,14.292,536.1,2379,25.33
2022,111.4499969,36.74000168,60.844,131.682,12.54,1088,115.907,0.763,0.763,13.681,,8.587,1147.4,10.783,543,1886,10.92
2022,111.5800018,36.24000168,155.024,180,17.18,461,134.082,1.75,1.603,2.78,,8.356,1243.4,13.242,517.1,3253,32.56
2022,111.6399994,38.27000046,56.907,51.865,77.025,1179,77.669,0.507,0.91,1.502,,9.005,1119.1,8.75,505.8,1475,5.62
2022,111.6699982,35.63999939,117.266,247.886,44.433,522,173.245,1.683,1.76,2.462,,8.294,1248.6,13.65,523.2,2460,29.15
2022,111.7200012,38.83000183,40.009,244.948,11.729,1498,83.348,0.407,0.473,6.543,,7.968,1036,6.492,474.3,1772,6.49
2022,111.7200012,38.84999847,51.925,188.12,7.314,1516,91.862,0.632,0.483,8.372,,7.504,1045.4,6.508,470.7,1627,9.62
2022,111.7699966,36.58000183,82.991,180,42.488,617,143.209,1.43,1.647,3.705,,8.339,1236.9,12.7,528.6,1841,30.21
2022,111.8000031,35.15000153,101.432,219.192,33.003,298,333.724,1.387,1.477,3.585,,8.384,1242.6,14.992,523,2232,19.91
2022,111.8300018,37.15999985,32.21,0,7.287,735,60.917,0.777,0.82,0.927,,9.158,1232.4,12.242,526.3,1402,6.56
2022,111.8700027,37.15000153,67.091,90,8.63,730,149.663,1.193,0.713,1.163,,8.531,1234.9,12.192,518.6,1607,27.52
2022,111.8799973,36.02999878,71.659,298.331,5.244,808,124.521,0.97,1.03,3.903,,8.717,1194.4,12.5,548.4,1805,14.41
2022,112.0500031,35.45000076,77.512,80.746,53.548,1570,510.86,1.83,0.927,5.748,,8,873.4,8.733,616.9,4135,34.09
2022,112.0800018,37.83000183,46.17,153.141,8.47,1158,129.93,0.54,0.337,5.184,,8.791,1096.2,9.233,502.9,2455,9.87
2022,112.1200027,39.31000137,53.184,127.73,9.413,1689,93.028,0.608,0.458,1.515,,7.832,947.5,4.858,441,1873,11.65
2022,112.2300034,36.09999847,67.497,248.002,15.68,838,143.582,1.03,1.03,2.475,,8.548,1167.1,11.375,557.7,3580,21.14
2022,112.4499969,37.63000107,97.83,0,35.309,766,134.232,1.84,1.797,1.854,,7.757,1183.9,11.383,470,1559,47.3
2022,112.5400009,39.81999969,51.686,180,12.93,1424,168.826,0.594,0.153,0.927,,7.498,1025.1,5.742,374.6,1860,11.64
2022,112.5500031,36.00999832,65.935,298.337,13.957,1125,153.882,1.1,0.747,3.902,,8.384,1111.8,10.75,604.4,2702,16.1
2022,112.6100006,37.77000046,131.437,0,26.576,778,312.742,1.523,1.357,0.927,,8.051,1162.4,11.408,441.3,1363,26.77
2022,112.7399979,39.56999969,38.965,90,6.899,1239,91.555,0.532,0.302,2.405,,7.872,1081.1,8.167,367.8,2144,9.43
2022,112.7699966,39.31999969,43.402,232.274,3.232,1030,84.518,0.492,0.39,1.515,,8.286,1131.8,8.842,373.6,1503,10.81
2022,112.8099976,39.59999847,47.889,52.385,20.074,1072,109.861,0.68,0.466,1.519,,7.852,1116.9,8.617,353,1603,13.42
2022,112.8799973,39.59999847,32.499,90,9.121,1020,70.104,0.448,0.378,2.406,,8.288,1135.9,8.792,352.3,1502,7.73
2022,112.9000015,38.58000183,50.641,308.016,16.565,770,113.969,0.743,0.757,3.009,,8.864,1182,10.75,414.5,1612,10.22
2022,112.9400024,35.81999969,95.026,216.5,12.892,879,240.812,1.907,1.013,5.75,,8.101,1175.5,12.3,601.2,1888,36.51
2022,112.9700012,39.5,35.278,180,9.726,1006,95.443,0.416,0.235,2.78,,7.856,1123.9,8.692,365.4,1642,7.25
2022,112.9899979,36.54000092,72.776,291.886,25.822,942,206.856,1.267,0.707,2.487,,8.531,1178.6,11.475,625.6,2039,24.75
2022,113.0999985,39.11999893,35.201,307.805,23.134,875,267.734,0.337,0.94,1.513,,8.424,1126.4,9.783,384.2,1515,5.42
2022,113.2900009,35.81000137,60.091,301.309,25.165,1380,236.722,1.047,0.907,5.339,,8.378,1105.7,9.675,670.7,1909,25.57
2022,113.3600006,37.06000137,95.79,116.508,15.855,1155,105.852,1.285,0.669,10.279,,7.497,1089.7,9.65,633.2,1857,37.82
2022,113.4300003,39.95999908,36.812,117.067,6.114,1007,73.371,0.492,0.332,4.07,,8.092,1107.3,8.208,322.6,1557,9.2
2022,113.4499969,40.00999832,29.637,284.322,1.619,1031,145.427,0.402,0.281,3.744,,8.008,1096.1,8.183,322.8,1843,9.37
2022,113.4599991,39.83000183,34.293,307.522,4.253,1052,107.286,0.498,0.409,1.522,,7.997,1064.5,8.275,337.2,2140,12.03
2022,113.4700012,40.04999924,41.037,90,3.859,1045,89.862,0.472,0.478,1.211,,8.136,1094.6,7.942,330.2,1843,10.12
2022,113.5899963,38.70999908,65.688,227.686,34.999,1169,130.301,0.69,0.85,18.606,,6.254,988.6,8.308,443.3,3132,14.64
2022,113.6600037,37.97000122,65.258,242.276,35.565,698,186.374,1.183,0.807,3.981,,8.616,1151.4,11.667,495.3,1651,31.02
2022,113.7099991,37.77999878,48.667,51.678,17.122,664,171.82,0.857,0.793,1.495,,8.576,1153,11.883,540.4,1793,21.92
2022,113.7200012,40.31000137,46.817,318.838,3.427,1036,144.148,0.756,0.616,3.691,,8.294,1068.1,7.95,312.2,1727,11.2
2022,113.7900009,40.24000168,50.709,114.608,9.793,1167,110.07,0.762,0.469,6.652,,7.986,1045.5,7.35,313.6,1962,11.8
2022,113.8099976,40.20999908,54.196,180,12.613,1131,99.443,0.714,0.433,0.927,,8.012,1050.1,7.492,327.2,1962,14.33
