Slope,Aspect,Elevation,PET,TMP,PRE,NDVI,SOM
42.883,347.447,664,1187.6,11.5,508.8,1288,2.33
2.172,211.381,351,1237.5,13.692,592.9,1719,5.3
4.627,0,351,1229.3,13.75,597.9,1287,4.52
23.261,109.811,1116,1115.6,9.633,527.2,1664,6.8
14.847,217.456,1080,1128.9,10.367,539.5,1859,5.08
3.874,162.966,631,1182.3,12.4,585.3,2231,5.22
10.111,215.219,1051,1114.3,8.975,469.8,1320,2.88
2.929,129.246,567,1194.5,12.767,578.3,2110,8.8
2.463,292.112,439,1196.1,13.7,591.6,1746,4.7
2.94,230.921,499,1194.8,13.358,588.2,1986,5.3
1.461,129.413,576,1187.5,13.117,629.2,2101,6.2
2.463,112.105,486,1202.5,13.525,587.6,2355,8.18
3.515,74.72,348,1237.5,13.917,595.1,632,7.25
9.446,78.779,905,1141.2,9.933,490.9,1388,5.1
0.927,0,533,1214.1,13,592,2040,2.17
0.927,0,396,1230.9,13.35,575,1990,5.36
3.862,118.657,356,1228.2,14.092,608.6,632,5.13
32.472,42.466,776,1165.2,10.025,482.8,1376,6.24
17.739,56.177,968,1119.8,9.45,494.9,1358,3.06
19.514,242.821,469,1170.1,13.392,626.7,1763,6.66
9.286,299.672,1031,1109.8,9.333,511.2,2110,4.76
1.854,0,543,1211.5,12.758,601.6,2187,6.04
1.464,230.689,367,1184.1,14.242,636.4,606,10.27
21.291,146.18,521,1158.3,13.192,635.6,1760,4.74
3.005,202.32,532,1203.6,12.692,588.5,2316,18.1
12.24,221.739,1181,1098.5,8.183,483.7,1466,4.28
19.543,320.829,1102,1085.2,9.1,503.6,1626,7.4
1.466,129.227,450,1228.8,13.142,589.5,2150,6.6
0,0,690,1172.4,12.242,610.9,1676,5.8
2.173,328.545,385,1233.9,13.583,591.6,1627,7.1
5.662,191.579,419,1214.9,13.25,583.5,1969,5.9
1.47,129.112,391,1226.7,13.358,588.4,1908,9.2
1.472,129.031,545,1219.1,12.508,582,2168,16.45
7.136,97.429,1237,1019.7,7.183,479.3,2495,3.44
1.854,180,540,1206.9,12.892,599.3,1859,5.02
2.454,67.81,537,1203.3,12.908,596,1859,9.26
3.007,157.587,466,1196.7,12.933,569.7,2436,36
3.581,39.101,513,1136.5,13.008,656.7,1919,6.78
1.854,0,1375,988.5,6.692,513.7,2902,6.63
2.948,51.049,423,1198.1,13.133,561.2,2191,33.78
18.05,299.784,1169,1108.7,9.842,533,2009,5.8
23.038,8.229,1154,1103.2,9.483,521.5,2182,8.5
1.141,270,453,1220.2,13.075,592.2,1656,11.8
16.682,108.912,931,1145.6,10.2,521.1,2182,11.42
1.854,180,628,1187.8,12.5,607.8,1727,5.64
25.413,273.907,1261,1067.6,7.517,477.1,1764,8.1
2.941,309.07,551,1211,12.817,606.3,2299,8.6
14.399,300.292,766,1160.6,11.45,526.5,1702,6.52
2.285,270,645,1198.6,12.6,610.7,2142,5.76
1.488,128.543,893,1166.8,10.633,508.5,1451,9.55
13.132,154.422,727,1157.5,11.675,528.6,1702,6.2
8.19,235.778,561,1172.3,13,630.6,2335,8.3
5.926,270,1572,925.6,4.517,472.8,1422,5.63
16.508,244.089,2111,817.3,3.325,542.4,3913,5.52
4.842,101.017,1543,1004.4,5.592,464.9,1427,4.36
7.107,270,1523,979,5.533,467.5,1422,5.08
2.953,231.133,500,1182.7,12.208,549.2,2017,20.62
6.781,122.996,605,1186.7,12.725,613.6,2371,5.5
1.854,0,631,1179.6,12.542,620.3,2371,8.08
7.195,320.299,636,1200.3,11.65,553.7,2005,12.83
19.36,222.513,430,1178.9,13.875,630,1673,4.8
4.954,248.066,856,1132.4,11.158,589.5,2491,5.43
25.235,185.11,1329,992.8,5.933,394.6,1569,7.18
3.947,242.016,732,1208.5,11.15,492.9,1783,11.07
4.995,248.258,729,1198,11.342,495.9,1783,6.25
5.349,301.24,881,1146.3,11.1,609.2,2049,7.86
9.6,312.061,1425,980.9,5.3,419.8,1573,6.73
2.2,32.547,1378,1045.6,7.117,468.2,1583,4.5
1.49,51.514,746,1194,10.883,477.5,1401,5.57
2.19,32.152,739,1192.9,10.683,468.9,1598,4.57
26.13,68.716,1531,857.9,8.825,699.9,3912,14.38
8.234,235.99,1190,1046.5,9.25,652.7,2882,6.74
20.54,353.569,1560,954.4,4.942,398.4,1383,10.78
1.165,90,742,1181.5,10.775,470.7,1451,4.98
13.693,175.251,1685,853.4,6.4,638.8,4459,27.74
9.842,253.744,2406,621.3,0.467,514.4,3673,49.86
22.852,110.225,2231,681,1.5,516.8,2729,31.1
3.016,157.185,781,1155.6,10.675,463.5,1610,10.52
22.938,130.563,1105,1045.4,9.433,604.7,3182,9.78
4.371,327.893,836,1165.2,10.5,495.2,1895,8.68
8.345,102.751,818,1132.6,10.617,448.5,1490,4.47
14.023,285.026,975,1122.9,9.775,604.4,2091,5.24
1.194,270,1335,994.7,6.975,427.1,1533,11.8
3.966,242.165,817,1139.4,10.35,443.9,1490,6.18
27.498,79.246,1157,1059.1,9.467,468.5,1664,16.55
12.124,67.867,830,1131.5,11.742,652.9,1762,7.2
7.151,219.267,864,1037.6,10.9,673.6,2216,14.1
30.014,85.178,1497,958,7.458,468.4,2372,20.4
2.208,147.107,1120,1099.6,8,398.8,1520,13.18
13.204,333.759,1987,785.7,2.7,523.2,2663,11.75
8.793,114.747,1126,1096.7,9.317,640.4,2614,7.03
1.171,270,765,1156.2,10.475,454.1,1508,5.23
4.764,346.205,648,1136.5,12.583,645.4,1961,2.98
2.988,51.665,778,1111.1,10.683,451.2,1753,37.43
1.175,90,787,1113.8,10.575,449.4,1051,11.6
24.263,232.373,697,1045.5,11.683,665.4,2893,18.2
5.745,216.435,660,1144.7,12.333,632.8,1500,10.12
31.091,216.358,562,1154.4,12.6,628.4,1963,5.7
3.558,254.911,1178,1065.9,9.558,666.6,1638,5.42
1.493,51.594,771,1183.1,10.583,460.2,1483,4.42
15.777,230.934,774,1151.5,11.608,640.1,1756,5.92
1.522,307.541,1403,1014.6,5.133,389.9,1388,8.43
2.342,90,769,1171,10.442,450.8,1384,13.43
0,0,781,1178.7,10.542,459.2,1455,8.43
9.272,352.546,1732,853.9,3.6,395.6,1939,14.58
9.195,180,814,1108.8,11.15,656.1,2047,5.65
0.927,0,805,1167.9,10.517,470.6,1417,11.18
4.772,345.842,807,1167.9,10.508,470,1417,7.5
2.78,180,1017,1125.7,8.842,432.3,1437,4.35
4.422,33.15,1333,1023.4,5.842,365.1,1014,3.85
3.017,22.849,803,1136.1,10.6,444.6,1303,7.52
0.927,180,824,1130.4,9.592,441.1,1273,6.3
2.572,68.877,1030,1070.9,7.8,379.5,1143,12.32
2.577,68.922,1182,1073.3,7.758,390.4,1332,4.68
3.038,127.592,1162,1052.5,7.825,361.3,1313,6.08
1.516,52.28,1027,1096.8,8.05,387,1285,10.2
1.854,0,1031,1106.8,8.208,401.4,1429,6.82
2.78,180,964,1128.8,9.333,423.6,1490,7.95
2.579,291.065,1038,1085.5,7.842,359.9,1313,4.57
1.504,51.939,767,1135.1,9.608,438,1579,21.82
3.724,255.599,1032,1085.5,7.842,359.9,1273,6.88
2.368,90,769,1134.7,9.633,437.1,1579,7.52
1.505,128.037,761,1142.2,9.683,436.1,1358,3.13
6.511,211.683,917,1146.1,11.125,661.6,1215,7.1
12.222,77.044,1611,913.1,5.175,398.6,1823,9.53
8.417,276.281,1070,1096.6,7.983,380.2,1273,8.94
1.506,51.983,772,1152.4,9.975,432.1,1358,5.55
1.151,90,916,1157.6,10.642,648.8,1598,10.07
16.589,314.944,1444,959.4,6.558,383.5,1705,16
3.886,17.58,1124,1056.4,8.35,434.1,1791,6.6
18.496,281.161,1178,1054.5,8.208,439.7,1791,12.16
11.056,6.22,1283,1036.3,6.492,362.3,1617,6.04
1.185,90,754,1122.4,9.717,433.5,1620,9.18
2.476,68.017,934,1158.4,10.625,659,1496,10.03
1.518,307.651,1008,1090,7.95,384.2,1323,8.1
3.613,140.266,989,1128.5,10.008,653.9,1932,6.28
1.477,231.101,905,1145,10.792,653.8,1443,10.86
9.485,194.315,1777,833.4,5.175,513.8,2879,15.3
9.882,111.82,987,1145.7,10.217,643,1694,4.92
0,0,1028,1086.7,8.133,364,1662,9.28
5.103,223.519,1129,1060.5,8.558,439.7,1775,8.45
0.927,180,883,1136.3,10.825,659.2,1585,13.22
9.132,275.78,1073,1097.9,10.167,689.3,2063,6.9
4.859,259.023,895,1077.4,8.908,410.4,1855,8
15.787,293.628,997,1130.9,10.533,702,2083,5.5
1.525,232.552,1062,1044.7,7.917,352.2,1558,15.32
3.886,298.467,885,1097.7,10.625,693.6,3253,19.3
2.468,247.944,1218,1101.5,9.642,707.1,1672,16.35
7.475,170.726,1042,1001.4,7.758,340.7,1216,6.26
20.389,241.374,1493,888.2,6.542,595.7,4509,7.9
3.013,202.674,1105,1071.9,8.958,639.2,2221,12.96
4.919,67.904,1332,988.6,8.633,744.2,2530,13.63
4.782,194.662,1142,1035.9,7.1,357.4,1259,6.75
1.211,270,1039,1060.3,7.333,351.8,1334,4.45
2.78,180,1027,1061.3,7.575,344,1458,4.57
1.854,180,1053,1060.2,7.292,360.3,1334,5.6
25.032,114.581,958,1120.4,10.642,660.7,2256,5.87
1.211,90,1037,1060.3,7.392,357.8,1334,5.82
21.257,2.943,1397,936.6,8.417,750.4,3052,42.93
8.797,317.076,1118,955.2,6.692,372.2,1532,8.1
9.481,194.218,775,1086.2,10.833,482.2,1990,6.9
14.562,184.402,1416,935.9,8.283,761.2,3324,18.18
31.098,268.462,1722,836.9,4.7,547.5,3015,10.6
2.594,110.933,1091,1052,7.133,358.7,1501,6.38
4.384,212.376,793,1091.2,10.742,481.8,1933,14.74
25.907,246.427,1053,1065.4,9.9,665.5,2705,9.43
2.216,33.2,1233,977,6.508,357.4,1509,5.36
2.215,146.812,1275,988,6.142,356.7,1320,7.72
29.364,138.421,1398,929.6,6.717,493.2,2530,10.4
2.78,180,1055,1056.9,7.308,354.7,1388,4.86
2.591,110.961,1017,1059.9,7.508,359.4,1320,5.02
21.643,248.459,751,1103.4,11.067,511.9,1963,13.28
5.036,111.556,770,1101.3,11.025,522.8,1861,9.96
3.028,307.734,1147,1071.7,7.792,430.2,1097,6.74
1.854,0,1055,1028.2,7.158,341.2,1818,4.9
10.936,312.086,709,1119.3,10.983,532.4,1861,6.03
17.336,267.027,1507,927.3,6.467,502.6,2755,4.35
1.216,90,1036,1036.4,7.283,337.3,1584,3.8
18.293,141.581,794,1100.5,10.367,519,1864,19.53
28.807,328.613,1103,1067.2,9.525,564.7,2367,12.14
2.78,0,1160,1065.2,7.633,428.5,1489,3.85
10.823,284.716,728,1069.9,10.883,521.4,2267,20.68
2.217,213.247,1024,1039.8,7.108,345.8,1748,5.27
2.78,0,1157,1014.2,6.917,350.7,1478,6.98
2.78,0,1033,1032.9,7.142,341.5,1748,4.57
35.905,240.536,1694,844.1,4.1,486.9,1797,25.15
1.218,270,1012,1041.9,7.167,338.7,1445,8.22
1.53,52.694,1009,1043,7.15,339.4,1445,3.54
3.749,255.696,961,1069.3,8.017,365.2,1488,6.75
1.531,127.29,1002,1025.1,7.242,342.7,1787,5.98
2.171,328.67,372,1199,14.25,604.2,2025,16.02
0,0,372,1213.3,14.617,638.2,1204,13.66
0,0,371,1204.7,14.425,595.7,2380,18.52
1.132,90,398,1253.9,14.225,563.7,2748,13.08
1.854,180,383,1258.3,14.358,565.2,2503,13.83
4.762,166.332,544,1213.8,14.442,628.5,2363,12.73
1.13,270,359,1189.3,14.308,591.8,2411,20.13
0.927,0,350,1208.6,14.508,584.5,2411,16.55
3.001,337.891,357,1161.4,14.3,585.2,2411,20.21
16.577,11.798,754,1146.3,11.417,486.1,1364,15.55
2.315,90,895,1100.4,11.142,486.9,1402,9.98
27.39,51.329,904,1104.3,11.1,472.3,1376,10.12
5.007,137.652,378,1238.5,14.642,625.3,2293,12.73
13.824,66.752,915,1096.7,10.067,474.4,1315,6.22
33.793,54.515,1089,1088.4,10.725,488.6,1868,8.82
22.278,150.374,900,1121,10.95,483.7,1522,14.36
14.695,170.97,871,1109.1,10.275,466.8,1335,4.96
4.338,211.385,355,1266.2,14.492,563.1,1133,14.94
2.438,112.348,597,1217.7,13.933,614.5,2152,13.16
16.222,218.834,965,1121.7,10.825,489.2,1609,10.75
5.065,316.935,891,1149.5,11.317,479.1,1424,10.22
33.395,293.134,920,1122.7,10.917,484.8,1670,10.54
0.927,180,550,1229.6,14.125,609.3,2401,13.57
2.171,328.641,355,1256.2,14.425,567.8,2546,18.89
13.854,273.763,872,1103.7,10.558,470.8,1124,4.6
13.907,156.248,848,1127.2,12.358,526,1717,15.32
4.555,270,416,1210.8,14.567,528.7,942,28.59
26.421,135.788,677,1133.5,11.4,475.2,1434,5.99
13.825,246.754,1049,1083.3,9.558,482.3,1452,4.94
3.417,90,373,1232.5,14.533,524.3,2148,15.61
2.919,129.423,521,1224.6,14.183,607.5,2345,15.1
55.987,304.615,809,1111,11.133,484,1603,13.05
16.805,298.842,724,1136.7,11.267,477.3,1301,6.42
6.533,148.007,1019,1100.8,10.225,484.6,1863,10.74
1.469,50.856,471,1225.2,13.842,522.8,2303,16.65
14.538,273.579,431,1221.3,14.325,522.5,2148,23.14
1.471,309.087,476,1207.8,14.333,531.7,1918,29.83
4.627,0,948,1085.2,10.558,487.6,1781,14.87
8.09,263.461,938,1123.9,10.958,487.8,1663,10.85
2.255,270,504,1230.2,14.025,596,2345,15.33
1.132,270,357,1271.1,14.55,549.6,1955,14.03
26.856,343.55,808,1107.3,10.575,476.6,1186,4.73
19.602,0,988,1092.1,9.65,486.6,1302,5.21
0.927,180,487,1214.8,14.258,530.7,2060,21.52
15.548,21.421,822,1126,10.992,480.3,1697,12.3
22.773,140.461,1067,1080.5,9.308,485,1371,4.64
2.462,292.118,461,1236.5,13.758,516.6,2021,21.51
1.14,90,378,1245.5,13.867,513.5,2344,18.1
9.195,180,716,1132.4,11.208,473.8,1368,5.41
2.78,180,611,1212,13.85,601.1,2266,14.54
7.379,0,800,1111.1,10.925,482.9,1422,6.14
27.403,177.74,746,1126.4,11.1,468.3,1210,5.37
1.128,90,537,1219,14.075,598.2,2266,11.56
18.349,317.062,1039,1085.8,9.342,484.9,1360,6.51
21.89,194.774,883,1103.2,9.942,487.2,1135,4.72
13.646,330.088,1135,1090.9,10.283,487.5,1741,11.3
19.322,280.642,1034,1093.9,10.283,486.1,1557,11.85
11.052,174.01,838,1124.5,11.133,477.7,1487,7.03
22.527,123.12,927,1101.4,10.292,487.7,1230,5.21
2.78,180,546,1212.4,14.133,593.8,2521,13.83
16.135,257.066,884,1146.7,11.317,488.5,1599,10.8
13.476,289.74,1002,1098.1,9.65,488.1,1373,5.93
29.874,45.21,888,1118.6,10.758,483.5,1487,6.24
13.214,308.351,807,1120.3,10.625,478.5,1048,5.98
10.993,0,941,1088.9,10.325,487.8,1487,7.01
12.319,311.847,1041,1080.3,10.033,488.3,1490,6.37
9.307,264.332,860,1115.3,10.608,482.8,1487,6.68
15.319,241.786,1184,1089.5,10.533,497,1765,12.05
6.568,190.216,1010,1076.9,10.025,487.5,1358,6.69
23.413,166.408,1052,1080.3,10.108,485.5,1545,5.97
19.269,291.743,1040,1086.4,9.967,488.5,1476,12.22
28.068,107.672,1068,1075.3,9.958,486.5,1432,6.48
6.839,302.679,1005,1114.6,10.517,488.7,1745,13
4.364,31.946,1053,1109.8,10.517,488.7,1745,11.5
3.614,219.744,988,1114.6,10.583,489.6,1745,11.8
24.567,259.802,1024,1080.1,9.833,492.1,1112,6.41
4.602,78.397,560,1208.1,13.925,591.4,2701,15.01
2.194,147.68,845,1106.9,10.092,478.8,1321,5.88
10.811,327.96,1264,1048.7,9.275,493.1,1513,12.98
29.001,301.712,960,1097.8,9.758,484.2,1246,6.45
27.16,46.04,994,1092.7,9.65,483,1379,6.8
23.415,325.325,1047,1077.4,9.4,482.2,1233,6.58
7.724,162.702,944,1123.4,10.675,492.2,1408,11.4
5.869,260.94,1159,1046.7,9.333,492,1822,8.26
6.543,212.136,1200,1038.4,9.483,484.8,1272,10.99
14.791,68.417,1074,1045.9,9.458,490.1,1291,6.55
13.654,131.786,1035,1119.6,10.808,495,1670,12.05
0,0,553,1182.3,14.175,591,2362,15.51
13.648,0,984,1090.8,10.158,489.3,1282,7.44
22.95,294.867,1247,1071.9,9.517,491.5,1592,12.3
10.023,248.509,1112,1075.5,8.975,488,1360,7.65
24.032,276.253,1180,1069.2,9.917,500.1,1528,10.6
18.737,295.437,1232,1040.1,9.225,492.5,1712,8.56
3.001,157.889,719,1178,13.517,592.3,2450,13.61
1.492,231.571,884,1106.7,10.483,472.3,1235,7.02
5.186,153.108,1040,1070.7,9.183,481.7,1233,6.38
12.422,248.441,1035,1087.3,9.633,489,1278,5.4
10.671,160.912,1139,1055,9,489.5,1349,7.09
15.762,133.489,1040,1080.3,9.467,493.1,1278,6.29
39.237,73.888,1007,1103.7,10.492,504.7,1857,12.03
11.52,224.375,1225,1044.5,9.208,488.4,1270,10.47
4.627,180,1334,1050.4,9.108,504.1,2016,11.5
1.169,270,900,1104.3,10.425,487.9,1269,7.41
6.842,160.797,684,1190,13.642,594.5,2317,14.43
1.471,50.909,459,1230.7,13.358,527.3,2089,19.17
13.015,253.732,1084,1103.4,10.117,496.7,1627,12.9
1.142,90,471,1227.2,13.325,516.6,2089,23.72
13.598,143.423,1182,1051.7,8.492,495.9,1451,8.92
1.469,230.855,507,1209.9,13.4,521.8,1942,13.25
19.54,343.307,996,1090.7,9.983,487,1269,14.42
10.097,0,1008,1092.8,10.058,488.6,1274,9.26
1.469,230.866,469,1210.8,13.467,520.3,1942,17.07
6.112,287.599,1096,1066.1,10.142,487.2,1274,8.12
1.854,0,966,1097.8,9.7,491.7,1155,8.4
1.485,231.353,1427,974.9,7.925,499.4,2681,14.41
0.927,180,445,1231.6,13.517,518.8,2039,19.2
13.833,170.452,1073,1079,9.75,490.3,1274,7.74
25.982,277.635,1265,1046.6,9.525,513.5,2859,10.67
1.142,90,467,1227.1,13.242,515.3,2150,22.96
2.177,148.385,452,1224.5,13.45,512.2,2150,18.54
32.701,47.095,1047,1076.1,9.375,490.2,1350,9.75
8.624,211.367,557,1201.6,13.892,578.8,2378,13.5
3.015,202.799,973,1091.5,10.125,486.9,1515,8.48
13.759,228.617,1026,1091.5,9.908,488.3,1515,7.74
17.94,180,1200,1054.6,9.292,488.6,1273,15.71
10.7,69.959,404,1191.9,14.75,591.7,2378,13.25
5.076,223.196,1349,1008.7,8.275,499.7,1699,16.16
4.382,230.671,774,1158.1,13.042,582.4,1906,15.45
20.02,296.377,1140,1047.4,9.4,479.9,1501,8.31
13.779,266.215,1093,1047.7,9.225,489.7,1501,9.77
11.35,136.538,371,1201.2,14.525,585.6,2378,13.77
10.162,353.441,1193,1039.8,8.767,489.5,1103,10.62
1.47,129.108,393,1225.1,13.875,522.3,2047,19.49
3.004,337.713,393,1219.2,14.008,521.3,1569,14.72
14.583,240.148,1192,1026.3,8.342,485.4,1716,9.61
11.871,157.533,1260,1020.5,9.4,524.7,2062,14.55
6.143,252.493,1274,1013.8,7.892,492.7,1581,12.14
13.922,293.067,1191,998.8,7.775,471.1,1905,8.24
26.235,119.519,1180,1057.6,9.067,487.1,1457,8.65
10.097,180,1320,1020.6,8.942,515.6,1651,13.79
7.222,39.965,1284,1001.9,8.1,490.2,2158,15.77
21.139,28.455,1307,949.1,7.55,489.8,2196,10.66
26.864,266.335,1182,1101.9,9.625,497,1796,15.86
14.565,355.412,1338,951.9,6.9,471.4,1489,7.16
2.994,231.76,1300,1001.1,7.492,488.4,2689,8.97
15.33,306.193,1255,1024.8,9.2,525.2,3340,14
15.536,171.838,587,1164.5,13.817,595.9,1923,16.4
13.268,249.925,1382,974.2,8.917,520.7,2320,13.55
21.058,294.862,1456,978.9,6.608,492.2,2192,9.53
7.471,9.077,1430,958.2,6.6,485.1,2106,10.12
19.905,257.083,1624,892.5,5.875,471,1848,9.66
3.581,39.101,513,1156.9,13.742,608.2,2000,14.18
12.314,238.728,1249,983.5,7.158,472.1,2290,9.03
2.283,270,462,1211.4,13.583,527.6,1582,17.5
10.263,206.613,1154,1090.1,9.95,483.7,1576,18.14
23.015,292.401,1634,888.5,5.65,479.2,2219,11.46
10.347,270,1191,1090.7,10.033,483.5,1576,16.82
8.14,25.124,899,1129.9,10.575,482.3,1423,18.54
3.705,180,499,1218.5,13.583,516.7,1588,15.48
2.177,328.396,463,1204.8,13.717,529.7,2008,20.12
19.61,223.367,1514,965,6.958,493.9,1736,9.94
6.008,202.661,1070,1107.2,10.225,481.8,1387,14.64
1.854,180,1242,1015.7,7.783,482.1,1584,7.93
18.475,258.825,1734,794.8,4.625,500.9,2698,22.87
6.535,212.02,931,1117.9,10.642,472.3,1351,18.78
14.704,248.277,1073,1105.6,10.233,471,1584,10.47
15.809,30.951,1546,929.5,6.033,469.2,1624,8.96
20.349,343.784,1519,894,5.208,478.3,1920,8.13
10.062,242.862,600,1176.7,13.767,613.7,2418,15.58
5.001,111.714,1094,1092.7,9.992,474.3,1584,7.19
0.927,180,502,1208.4,13.4,524,1502,16.32
25.282,310.631,506,1193,13.408,524.1,1539,16.26
2.178,148.354,601,1197,13.242,527.9,1809,14.6
14.025,125.679,941,1110.2,10.667,471.1,1387,13.88
1.142,90,555,1195.4,13.325,528,1502,16.28
7.379,0,1398,965.5,6.442,466.7,1406,7.36
2.198,147.509,1199,1064.9,8.125,476.7,1359,8.08
2.504,291.727,1000,1114.5,10.608,468.1,1261,15.72
13.945,155.879,1005,1115.6,10.775,467.3,1261,9.47
7.283,139.461,1509,995.7,6.158,474.9,1145,8.93
1.503,128.109,1217,1066.6,8.05,466.9,1234,7.78
18.139,98.525,939,1117.8,10.625,475.6,1612,4.1
12.443,243.885,677,1161,13.192,574.8,2211,17.64
2.196,147.599,1367,1012,7.608,479.7,1519,10.01
15.185,17.396,913,1110,10.6,468.7,1354,11.61
29.936,128.201,1476,959.4,7.008,478.7,1868,11.68
14.131,104.904,1068,1079.6,10.208,476.8,1354,9.83
0.927,0,1204,1070.9,8.067,467.7,1234,8.13
6.604,314.354,1630,903.3,5.175,486.6,1639,11.13
15.91,155.32,635,1164.2,13.442,566.2,2110,20.14
13.836,170.376,1331,1004.4,7.633,463.8,1717,8.89
20.085,193.106,1686,942.5,5.442,475.6,1991,8.8
2.537,291.428,1187,1067.8,8.108,457,1294,9.28
4.773,345.768,1396,1017.2,7.317,480.1,1708,11.15
4.764,166.236,531,1188.1,13.725,562.9,2110,16.01
3.015,232.076,1458,991,5.983,470.6,1048,8.42
1.183,270,1281,1038.7,7.75,464.7,1274,10.54
0.927,0,808,1162.6,11.392,458,1453,14.73
2.361,270,1181,1040.9,8.075,447.6,1294,9.41
3.622,39.889,832,1135,11.317,464.6,1453,10.17
11.372,235.71,1587,920.7,5.167,477.4,1048,9.09
1.503,128.091,1321,1019.7,7.433,460.4,1593,9.93
32.102,162.694,1802,824.4,4.083,485.2,2166,8.74
11.884,180,469,1181.1,14.05,562.8,2135,14.33
2.504,248.274,748,1173.3,11.6,447.5,1084,16.89
19.36,222.513,430,1185.6,14.45,576.6,2081,15.04
1.163,270,751,1164,11.858,457.4,1084,15.15
23.016,331.215,1245,1018.5,8.308,465.8,3135,18.76
4.994,291.748,760,1163.3,11.783,466.9,1238,6.68
14.881,192.918,409,1193.2,14.425,567.4,2081,17.01
6.874,160.052,1162,1059.9,8.375,443.1,1666,8.98
25.821,314.631,773,1126.4,10.95,469.4,1488,4.2
1.487,128.571,742,1168.7,11.975,463.4,1084,16.93
0.927,0,735,1175.5,11.883,456.7,1084,18.38
1.135,270,512,1182.4,14.083,583.1,2135,15.29
16.011,205.501,1217,1043.5,8.483,436.4,1343,10.04
22.655,165.831,1265,997.5,8.417,463.2,3319,20.14
3.608,104.874,739,1185.7,11.533,446.5,735,21.45
1.854,180,734,1176.9,11.825,447.7,1454,14.34
6.008,337.343,735,1139.6,11.642,458.5,960,23.7
11.23,168.066,1437,1018,7.775,462.2,1860,11.32
12.1,238.092,1273,1013.7,9.117,511.7,1989,7.8
14.765,157.113,1361,1047.3,8.258,462.4,1834,18.31
0.927,0,251,1200.6,15.067,580.1,1376,14.83
18.893,173.346,593,1157,13.308,585.7,2266,19.38
20.318,90,1203,1015.7,8.317,445.9,1313,8.71
2.188,32.052,773,1137.8,11.408,467.8,960,15.81
1.486,308.599,748,1151.7,11.892,458.1,960,25.99
6.535,327.983,1015,1107.3,10.267,494.8,2191,6.4
8.258,236.106,814,1143.7,11.858,501.8,1674,16.86
2.188,327.932,744,1152.7,11.725,449.6,1309,30.71
4.5,128.1,1212,1034,7.983,436.9,1549,10.68
14.924,328.247,936,1112.6,11.117,531.6,1526,13.36
24.008,319.75,1132,1051.9,8.658,432.4,1897,8.37
5.178,153.274,862,1127.3,10.883,447.1,1084,18.68
12.682,305.135,1271,1034.3,8.817,454.6,2308,19.62
17.444,58.992,1500,943.6,6.192,461.3,1990,6.91
3.523,74.758,506,1167.9,14.142,593.5,1890,15.55
19.008,147.761,894,1055.5,10.017,438.4,2317,23.8
4.993,68.247,753,1144.7,11.592,454.5,1309,23.94
2.971,308.591,756,1144.7,11.592,454.5,1309,19.32
3.619,320.15,934,1101,10.7,479.3,1235,13.22
11.552,150.599,857,1146.4,11.308,509.1,1461,13.6
1.854,0,736,1165.1,11.117,434.7,757,10.71
22.098,312.672,1222,1008.7,9.85,609.7,3517,28.58
2.78,0,743,1147.7,11.683,455.6,760,20.53
2.979,231.532,745,1165.3,11.2,432.6,1171,28.13
15.518,144.708,907,1142.3,11.117,527.6,1532,13.72
12.956,170.087,488,1149,14.075,600.9,2337,17.22
2.512,111.653,762,1133.2,11.217,447.2,1148,21.23
0,0,742,1171.3,11.083,429.4,654,24.76
20.083,285.406,1577,946.2,6.008,464,1965,6.92
0.927,180,1331,989.2,6.95,441.9,1597,7.15
19.877,333.568,1074,1040,9.692,531.3,2563,22.43
3.603,284.895,839,1112.9,10.908,463.2,1515,25.14
2.78,0,1117,1062.9,8.908,438.2,1724,18.59
32.004,43.51,1256,1039.7,8.342,446.3,1797,16.15
2.51,111.667,745,1169.3,11.025,430.9,1171,29.33
3.705,0,742,1156.6,11.133,436.2,874,13.73
8.161,205.436,1087,1089.1,9.467,427.5,1611,15.44
1.169,270,763,1147.5,11.125,436.2,1883,28.15
1.488,51.438,748,1164.9,11.358,450.5,760,23.35
14.946,328.103,1413,968.3,8.692,552.7,2637,25.33
30.852,239.011,1391,1020,7.7,452.1,2313,16.81
12.97,349.731,1092,1096.3,9.342,427,1639,17.06
25.951,213.741,1866,742.5,2.608,490.3,2878,10.8
5.414,59.174,750,1160.1,11.092,433.3,793,14.55
0.927,180,771,1142.9,11.05,434.5,1476,18.67
24.082,136.417,1204,1063.4,8.8,426.4,1639,13.23
1.491,231.546,749,1167.2,11.117,430,782,29.72
29.109,32.53,1161,997.2,10.167,586.4,3079,20.65
21.478,170.886,1688,916.3,5.242,466.8,1784,9.43
6.475,64.667,1014,1095.2,9.808,422.6,1720,18.23
18.626,292.597,1493,962.6,5.667,457.3,1988,8.63
13.918,156.137,1045,1070,10.275,543.2,2036,14.06
2.569,248.849,1689,883.3,4.225,479.7,1395,14.19
4.643,258.504,935,1110.9,11.583,601.8,1897,22.48
1.169,270,753,1155.8,10.975,430.3,782,22.02
1.167,270,746,1174.4,11.025,431.1,904,23.92
3.629,319.973,747,1160.3,10.983,426.4,782,22.27
16.969,317.962,1106,1073,9.992,437.6,2001,13.98
0.927,180,743,1164.4,11.408,441.8,884,17.67
10.352,63.698,1565,941.6,7.142,461.3,2546,13.6
1.493,128.405,771,1144.7,11.092,435.6,1476,20.42
1.497,51.732,986,1096.4,9.792,420.2,1639,17.69
37.265,0,1286,937.7,9.292,671.1,3127,13.64
1.164,270,754,1164.3,11.433,446.3,857,15.43
16.164,113.014,1045,1085.1,9.592,415.5,1483,16.28
3.876,162.891,871,1083.4,11.5,593.7,2790,19.86
1.165,90,750,1167.8,11.217,442.3,857,15.28
2.195,327.636,977,1092,9.717,412.2,1713,12.53
22.922,185.561,1192,1056.5,8.55,435,1866,15.07
9.812,20.613,895,1114.8,10.808,472.2,810,19.26
1.854,0,750,1165.6,11,430.8,1865,26.06
9.789,200.249,891,1108,11.8,602,2680,19.58
2.192,212.246,759,1142.2,11.133,423.3,1178,21.89
13.571,20.138,1762,899.7,4.542,473.5,1860,6.94
4.627,180,1531,915.3,5.7,458.9,1387,9.27
12.751,21.576,1698,903.5,5.208,470.8,1868,9.22
3.608,284.876,773,1150,11.15,455,810,12.7
2.981,231.559,751,1154.7,10.908,423.5,1243,20.59
7.446,231.735,961,1090.3,9.708,404,1483,16.62
3.945,297.998,913,1114.1,10.575,474,810,15.88
15.635,209.816,807,1145.7,12.342,606.2,2723,11.11
0.927,180,805,1133.9,12.25,611.2,2003,4.67
24.179,316.146,1753,865.5,4.65,465.5,1708,9.21
1.169,270,751,1148.7,10.85,420.8,1758,30.37
2.508,68.307,759,1169,11.025,436.2,929,14.27
1.488,308.545,844,1145.5,10.85,459.9,1171,10.15
1.171,270,765,1122.3,11.067,405.4,1192,30.88
10.849,40.516,1842,888.8,4.7,468.9,1708,9.32
0.927,180,751,1157.5,11.083,431,1169,18.75
18.894,6.666,874,1093.2,11.883,623.7,1837,22.07
3.592,39.323,721,1140.4,12.442,600.7,2003,10.11
1.163,270,966,1111,10.375,478.6,1059,13.9
0,0,776,1162.5,10.983,442.9,929,11.81
2.535,68.556,1429,978.2,7.008,431.4,2644,15.83
17.705,224.772,854,1091.8,10.817,406,1192,33.48
10.962,255.48,1444,955.4,6.467,445.2,1538,7.97
2.979,51.524,762,1154.7,11.133,440.3,1163,19.81
2.515,291.629,757,1146.8,10.833,425,1254,20.11
11.261,90,714,1144.1,12.375,587.1,1679,10.71
24.687,215.908,1901,867.5,3.85,482.2,1873,11.03
7,301.829,1300,1012.9,7.45,440.4,1380,9.17
3.591,90,1146,1065.6,7.967,428.1,1227,11.19
13.692,4.682,750,1134.5,12.658,603.8,1847,11.14
15.072,327.304,1452,944.8,6.225,445.7,1514,15.17
3.499,90,756,1162.2,10.983,433.1,1136,19.8
1.197,90,1133,1064.3,8.092,431.2,1209,12.07
11.486,17.055,793,1111.9,12.167,616.7,1697,9.94
5.024,68.389,757,1129,10.942,422.4,1382,23.84
16.181,116.508,869,1121.9,11.425,576.9,2250,16
1.469,50.861,697,1129.8,12.658,602,1847,8.73
2.191,147.822,773,1153.5,10.983,440.3,1163,22.18
17.958,334.032,1651,840.4,6.9,549.6,4013,12.6
2.518,111.596,789,1122.8,10.933,418.7,1382,36.38
3.542,285.16,786,1124.6,12.225,591.8,1679,17.17
26.374,285.14,699,1149.4,12.225,572.6,1948,19.57
0,0,1107,1045.6,8.167,418.4,990,10.68
1.49,308.493,792,1149.5,10.925,446.1,1237,18.29
2.192,212.247,763,1144.6,10.742,421.5,1254,20.97
0,0,759,1157.7,10.858,429.1,1015,18.45
1.854,0,1098,1028.3,8.142,423.7,1259,11.92
3.537,285.185,617,1137.6,13.125,600.4,1647,15.53
19.285,270,1425,949.5,7.375,416.8,2750,15.34
14.506,331.156,1211,988.1,7.042,423.1,1817,15.72
15.425,175.864,663,1130.7,12.858,588.5,1552,7.77
2.78,180,1105,1013.1,8.183,414.4,1407,11.27
3.632,75.226,775,1112.7,10.867,413.8,1883,41.63
12.451,98.431,717,1113.2,12.492,612,1974,10.5
15.817,211.005,1920,788,4.083,482.1,1658,9.65
3.618,104.833,773,1154.5,11.1,440.3,811,17.29
5.548,180,539,1143.2,13.217,591,1647,22.31
4.683,270,801,1089.2,10.875,412,1578,50.98
3.495,90,843,1133.1,10.783,453.1,1490,15.53
1.493,51.61,764,1140.9,10.825,425.5,1366,19.38
2.195,147.623,794,1101.5,10.542,394.5,1555,18.9
1.172,270,772,1122.5,10.767,409.6,1883,19.67
2.78,180,777,1089.1,10.883,405.7,1578,36.99
3.038,127.594,1403,984.1,5.483,422.4,1437,10.26
2.208,32.902,1102,1053.2,8.225,422.1,1407,13.92
0.927,0,1094,1078.3,8.15,422.4,1161,13.48
14.714,259.343,777,1123.8,12.275,618.1,1981,12.89
2.192,147.755,768,1151.1,10.858,424.6,1258,19.82
2.191,147.815,792,1150.3,10.967,444.6,1367,17.43
1.854,0,781,1089.1,10.883,406.8,1189,33.84
2.78,180,787,1080.3,10.9,415,937,21.73
7.716,17.106,637,1153.1,12.717,570.2,1238,17.96
12.097,169.071,1214,1087.9,9.483,512.5,2023,15.07
12.935,94.042,1367,976.4,6.775,434.3,2061,16.46
20.019,323.107,568,1145.9,13.5,591.2,1841,19.92
12.492,243.999,606,1139,12.958,575.7,1102,16.21
1.854,0,787,1138.8,11.067,450.3,1058,18.62
3.026,203.289,1064,1077.6,8.117,420.1,1161,10.35
1.178,270,906,1120.8,9.867,394,1549,12.18
1.492,231.561,784,1144,11,434.3,1058,17.06
4.7,281.356,1111,1053.2,9.992,558.8,2362,13.45
2.208,32.895,1058,1017.1,8.117,401.6,1108,15.34
1.854,180,805,1088.2,10.825,418.9,937,17.91
1.493,51.594,771,1159.5,10.9,424.8,1258,20
12.171,47.507,682,1116.7,13.15,600.6,1841,14.85
4.779,194.51,1093,1010.6,8.208,412.9,1089,11.59
2.461,247.879,638,1131.5,12.725,581.2,1599,31.48
9.579,286.723,985,1131.7,10.208,547.3,1054,13.71
12.852,90,981,1055.4,9.258,425.1,1589,14.94
1.491,51.534,829,1129.1,10.833,450.7,1467,16.53
9.793,159.702,820,1131.4,11.675,576.6,1760,16.05
1.157,270,991,1138.7,10.442,546.7,1124,13.37
8.589,195.306,828,1113.6,11.733,586.8,2426,17.09
2.211,213.01,1474,931.3,5.067,454.5,1443,10.17
1.854,0,926,1070.3,9.325,421.5,1409,17.01
1.169,90,795,1149.7,10.975,438.4,1091,17.82
10.263,243.448,1123,1103.8,9.783,546.6,1441,11.79
14.975,280.461,1068,1109.8,9.892,547.9,1441,13.66
8.827,114.643,977,1140.3,10.492,550.6,1451,14.6
1.198,90,1047,1067.2,8,400.8,1136,11.78
7.191,39.666,1058,1130,10.25,564.4,2225,15.36
3.896,161.952,1453,935,4.858,444.9,1607,10.14
1.499,308.226,894,1119.5,9.708,377.4,1541,12.6
2.193,32.271,784,1154,10.817,409.1,1211,18.6
10.21,291.069,1594,903.3,5.517,464.6,1458,9.87
3.62,284.824,832,1139.9,10.75,447.5,1332,15.46
1.854,0,899,1124.6,9.808,391.9,1199,12.86
4.772,345.842,807,1144.7,10.817,432.9,945,15.23
1.854,0,945,1146.3,10.383,551.2,1102,13.47
1.189,270,833,1093.5,9.983,418.2,1168,11.81
1.18,270,986,1113.6,9.175,396.9,1574,12.18
4.397,212.631,799,1090.2,9.742,416.9,1317,9.74
0,0,1037,1047.4,8,408,1014,10.62
1.197,270,1070,1036.9,8.092,422.2,1485,9.05
1.854,0,839,1092.9,9.892,418.2,1421,14.74
1.493,51.61,793,1147.6,10.8,424.8,1137,17.32
22.504,51.306,999,1129.3,10.167,551.7,1402,13.56
3.633,284.772,803,1109.1,10.883,401.2,1315,18.37
9.663,235.221,915,1101.5,10.992,582.1,1131,17.9
2.52,291.578,809,1112.5,10.8,400.5,1315,36.34
3.017,202.865,852,1125.9,10.517,404,1611,25.62
3.562,90,815,1093.6,9.95,418,1168,14.39
8.583,251.23,830,1141.7,10.708,435.4,945,15.73
5.067,136.904,994,1138,10.342,546.4,1102,13.3
6.574,169.477,1596,889.9,4.942,444.7,1602,11.36
1.509,127.906,836,1100.8,9.508,415.2,1036,17.02
3.684,318.956,1290,974.9,5.658,418.1,1540,10.68
3.99,242.344,1010,1098.4,9.175,392.1,1574,11.72
3.032,156.452,1329,1003.3,6.042,421.7,1673,11.2
4.376,327.798,889,1117.8,10.558,455,1332,15.02
3.634,220.116,817,1119.2,10.667,402.7,1309,23.74
9.456,28.983,956,1136.9,10.458,551.6,1475,13.55
7.472,189.124,839,1102.6,9.483,415.5,1053,11.72
4.824,270,1622,876.2,4.675,455.3,1632,11.96
4.524,232.135,857,1094.6,9.45,413.9,1040,11.04
2.192,327.752,874,1124.8,10.442,423.6,1528,15.49
2.475,111.998,978,1144.2,10.825,579.9,1230,20.93
1.854,180,955,1151.3,10.783,573.3,1612,13.8
3.881,17.347,952,1139.9,10.292,549,1264,12.75
3.887,197.619,1024,1081.9,9.242,384.9,1432,11.54
11.898,22.788,907,1110,10.542,448.6,1579,15.74
1.515,307.746,1049,1041.7,8.158,416.9,1107,10.53
1.2,270,1025,1047.4,7.983,405.6,1321,8.14
6.572,190.396,841,1084,9.592,413.4,1053,9.92
4.627,180,870,1146.2,11.825,595,1674,24.83
1.854,180,1022,1055.3,8.225,417.4,1325,8.15
10.782,319.912,910,1114.8,10.233,403.9,1291,12.72
1.507,232.031,818,1101.6,9.967,410.8,1428,10.6
2.465,292.091,856,1144,12.083,594.8,1677,27.94
0.927,0,942,1146.9,10.933,585.6,1479,16.77
7.975,133.892,1026,1119,10.117,569.1,1785,14.79
2.579,291.065,1038,1045,7.85,397.2,1330,10.63
4.076,117.023,1234,1010.2,6.358,415,1517,11.58
2.296,90,955,1151.6,10.892,580.8,1526,20.11
5.161,44.2,1032,1058.5,8.108,411.1,1103,9.63
9.253,78.537,917,1140.2,11.75,594.9,1448,21.04
1.515,52.273,1038,1049.3,8.175,417.2,1113,9.99
2.78,0,837,1058.2,9.225,405.3,945,10.79
1.15,270,946,1155.2,10.9,577.8,1196,21.43
2.99,231.694,1180,1037.6,8.783,398.1,1421,12.17
2.468,247.943,882,1147.9,11.608,592.3,1053,23.22
5.728,90,932,1160.5,10.942,581.4,1196,18.25
4.766,13.899,940,1148.7,11.092,587.5,1106,18.5
8.195,83.546,900,1101.9,10.3,406.8,1360,13.7
12.222,77.044,1611,875,5.167,455.1,1501,13.24
5.046,222.828,1009,1130.8,10.925,596.8,1149,20.44
1.148,270,940,1155,11.017,584.8,1526,18.8
1.214,90,1271,996.5,6.092,424.7,1534,12.79
6.568,212.486,1341,980.1,7.117,395.7,1807,14.17
9.434,331.258,903,1135.7,11.367,600.4,1053,28.91
7.239,139.88,834,1119.7,10.267,390.9,1469,10.48
0,0,1011,1061.9,8.192,408.2,1312,8.44
4.924,112.071,851,1138.2,11.892,600.3,1229,29.31
2.178,211.649,830,1147.7,11.983,606.1,1229,27.26
2.466,67.926,846,1141.9,11.867,604.8,1229,29.4
5.215,207.53,1338,929.3,6.325,415.1,1503,19
2.401,270,1010,1046.3,7.967,404,1311,9.34
2.196,147.584,1254,1024.4,7.825,392.6,1799,13.17
19.824,340.56,1118,1091.7,10.5,613.2,1562,20.24
3.891,298.424,805,1161.7,12.183,597.7,730,27.74
8.208,206.126,1280,999.9,6.483,420,1416,10.42
3.907,118.295,937,1156.3,11.025,589.1,1258,15.23
2.178,148.357,848,1147.1,11.883,603.4,1229,29.65
2.78,180,892,1131.4,11.592,604.5,1258,27.01
4.662,101.45,917,1131.9,11.475,604.4,1258,27.94
2.424,270,1190,1013.9,7.192,411.1,1416,15.34
1.854,0,1044,1025.8,8.05,414.3,1133,9.45
1.476,231.07,918,1154.2,11.083,589,1332,17.62
3.676,284.593,790,1102.5,10.067,398.6,1412,11.99
13.845,189.869,1394,907.9,6.167,417.2,1520,14.69
10.31,332.858,877,1081.3,9.7,401.6,1660,10.05
2.599,110.893,1213,1007.1,6.158,412.7,1583,11.89
5.777,279.208,951,1130.3,11.375,617.5,1629,29.49
2.601,249.123,1240,1002.9,6.15,405,1677,11.69
10.574,52.625,1273,993.8,6.208,405,1583,12.78
0.927,0,896,1107.7,11.367,590.9,1166,17.18
1.476,308.905,925,1115.8,11.367,588.7,1305,17.16
7.749,118.413,1006,1127.2,11.175,633.6,1011,27.12
3.453,90,880,1119.4,11.308,571,1059,17.58
1.471,309.08,855,1146.8,11.55,624.2,1249,26.71
11.038,155.898,1029,1117.8,11.1,642.3,685,19.43
2.484,248.088,897,1121.2,11.158,581.1,1079,19.44
3.551,254.88,1029,1125,10.983,633.5,1582,30
2.954,308.858,912,1123.4,11.075,602.2,862,18.77
1.143,270,998,1135.4,11.075,633.7,1011,22.8
3.605,39.572,927,1118.3,11.192,599.1,1058,17.83
1.211,90,1063,1001.5,7.925,403.7,1345,19.06
1.478,308.846,941,1120.6,10.992,604.7,1059,19.34
4.765,193.831,1162,1099,10.625,657.3,1249,22.75
0.927,180,956,1120.1,10.992,606.4,1058,17.99
1.215,270,1221,996,6.358,399.1,1600,12.64
7.325,129.023,1073,1116.1,10.567,644.7,1503,23.43
7.174,219.494,1156,1101.2,10.1,635.1,1494,26.39
4.357,211.813,948,1131.8,10.825,605.4,946,18.33
2.593,69.057,1056,991.5,8.125,409.2,1202,31.06
0.927,180,1035,1115.1,10.633,624.8,1492,26.08
2.296,90,1012,1123.5,10.767,620.1,1492,26.61
0,0,948,1112.2,10.975,609.9,1148,14
4.426,326.776,1216,981.1,6.367,401.3,1815,14.28
2.215,146.828,1105,985.2,7.908,415.3,1498,16.16
12.821,224.661,1205,1083.7,9.7,655.5,1426,24.02
3.705,180,936,1057.9,9.142,403,1319,10.86
0.927,180,1040,996.1,7.875,408.2,1012,24.58
2.215,326.833,1069,973.2,8.075,435,996,29.49
2.296,270,1106,1082.3,10.2,634.2,2074,23.4
4.598,270,1013,1084.2,10.8,611,1575,18.04
2.184,211.89,786,1137,11.508,587.3,1882,18.53
4.767,13.937,1016,1105.9,10.908,616.1,1265,14.9
18.709,272.74,1247,945,9.658,681.9,2938,26.19
10.177,296.8,1208,1063.2,9.642,646.2,2197,28.63
8.592,195.359,1213,1067.3,9.642,652.1,1869,27.19
1.514,127.783,928,1058.1,8.942,397.1,1254,10.58
8.365,352.201,1333,1063.7,9.367,690,1569,24.25
1.854,180,1043,965.5,7.833,393.1,1012,30.12
12.657,257.511,1226,1046.2,9.817,673.7,2121,24.28
1.478,128.851,1010,1103.1,11.067,615.2,1575,19.23
8.166,256.96,1355,1053,8.942,689.7,1714,27.65
4.603,90,731,1148.5,11.792,588.6,1724,17.93
5.548,0,1303,1032.4,9.1,661.2,2591,26.21
32.267,239.15,1594,875.3,5.825,441.9,2089,25.12
2.78,180,1131,1000.2,6.925,412.9,1441,12.04
16.817,216.544,1543,956.9,8.325,695.2,2874,25.51
0,0,1050,1005.6,7.458,407.9,1074,20.13
4.778,194.475,1026,1053.5,8.767,404.7,1046,10.48
3.879,342.73,728,1155.3,11.742,595.2,1273,18.5
4.426,231.141,746,1142.5,11.7,600.9,1569,17.54
5.823,279.133,731,1152.1,11.633,593.7,1641,17.64
7.195,219.701,1039,1072.1,10.392,613.6,2178,18.09
23.922,125.723,1515,955.4,8.2,701,2671,25.73
10.271,308.704,867,1101.3,10.942,589.6,1928,18.64
5.149,315.938,1039,1030.2,8.133,408,1308,9.96
12.397,270,1245,962.5,9.225,675.7,2888,22.27
2.959,51.216,779,1145.3,11.367,597.4,1325,18.17
22.749,211.864,906,1116.7,11.117,613.5,1546,16.44
35.786,276.447,1175,935.7,10.025,685.8,2432,21.74
10.932,289.588,848,1105.7,10.683,591.9,1751,18.44
3.029,203.401,1035,1028.4,7.808,401.2,1247,8.59
24.287,117.797,1389,919.7,8.492,715.8,2576,27.01
4.627,180,861,1108.6,11.158,605.8,1325,19.35
19.593,215.055,1340,964.5,8.317,472.7,1911,11.9
1.514,232.244,1048,1042.6,8.208,407.9,1308,12.23
1.204,270,1045,1016.2,7.55,397.7,998,8.75
12.505,115.973,1386,913.6,8.933,708.1,3089,24.1
14.53,299.978,1480,942.6,7.392,522.9,2630,19.93
23.233,146.059,1395,914.7,9.258,701.3,2074,24.95
1.52,307.599,1054,1012,7.342,394,998,13.07
10.526,307.579,1097,1014.9,7.475,406.5,1339,9.88
5.524,120.144,1099,1024.4,8,410.9,1372,12.91
14.121,39.451,1337,916.7,9.408,704.9,2074,26.87
5.168,44.283,1144,1018.8,7.383,412.3,1339,10
19.119,152.528,801,1025,11.65,638.2,1931,26.81
9.645,90,1384,887,5.433,394.6,1507,11.78
2.78,180,1192,974.6,7.3,414.1,1605,19.05
0,0,1093,1024.4,7.358,397.8,1202,11.48
1.208,270,1215,938,6.542,412.1,1605,9.58
13.697,4.939,1687,794.8,3.85,489.7,1848,18.99
1.854,180,1095,1011.1,7.3,399.4,1202,9.73
0.927,0,1101,962.2,7.208,381.4,1395,14.67
1.529,52.655,1063,988.6,7.392,393.2,1499,14.05
9.973,303.53,1379,979.4,6.933,444.7,1548,10.06
1.515,52.266,1147,1030,7.842,420.3,1399,11.56
1.521,127.573,1098,971.1,7.217,391.1,1395,19.28
15.271,283.719,1087,1057.8,9.592,509.7,2024,18.71
7.228,75.21,907,1091.6,10.508,479.6,1232,13.79
8.289,0,961,1081.6,10.267,478.3,1232,20.29
7.424,308.399,1012,1076.1,9.9,494.7,1605,14.75
25.924,182.479,1403,877.7,5.825,435.4,1656,21.2
3.687,318.907,1158,978.4,6.65,399.5,1621,9.96
2.218,326.721,1054,990,7.425,385.2,1670,14.45
14.926,193.681,1553,865.7,5.242,430.7,1464,16.55
0,0,1171,1014.1,7.683,420.7,1213,10.55
16.336,135.887,971,1105.5,9.975,514.7,1812,16.67
1.529,307.338,1032,1002.3,7.108,394.3,1465,11.49
8.795,222.91,1380,889.6,5.758,425.9,1593,9.55
23.846,274.201,1596,907.3,5.592,454.6,1870,18.99
12.201,145.44,890,1086.6,10.583,491.5,1532,18.41
17.785,143.845,1931,742.8,3.333,513.8,1696,18.17
5.179,333.242,951,1087.7,10.342,520.4,1620,16.46
2.218,146.723,1021,1009.9,7.3,388.9,1812,13.74
2.568,248.842,1256,1003.8,7.4,439.7,1295,11.07
3.035,23.645,1051,1006.6,7.367,392.9,1623,16.41
10.993,180,1665,800.9,3.85,491.8,1721,20.99
1.526,127.429,1028,1014.4,7.917,393.2,1403,9.13
1.21,270,924,976.8,7.625,388.3,1361,11.73
0.927,0,1034,997,7.15,389.1,1754,9.35
19.515,129.751,1174,977.8,7.45,422.9,1687,13.39
21.12,120.192,927,1026.4,9.775,407.4,1783,26.39
1.218,270,1012,1007.1,7.183,391.9,1834,11.25
25.728,140.593,1183,984.4,9.192,545,2131,16.63
10.465,264.972,745,1093.8,10.992,502.7,1506,19.64
0,0,1037,1018.6,7.642,399.2,1359,9.47
2.214,326.877,880,949,7.583,384.4,1509,11.3
1.854,180,1400,909.9,6.192,436.5,1544,10.79
11.538,342.087,1289,967.5,7.358,437.3,1683,13.88
18.76,295.4,739,1075.3,11,506,2016,18.92
1.217,270,1050,996.2,7.208,389.9,1718,11.04
4.796,270,1206,990.8,7.442,428.9,1810,12.78
2.208,327.097,1022,1040.7,8.183,418.3,1319,10.55
8.121,116.985,1154,992.5,7.217,405.3,1375,9.61
1.854,0,1007,994.7,7.408,396.9,1475,15.57
1.531,232.72,996,989.1,7.375,390.8,1387,11.88
2.212,146.959,1117,1017.6,7.592,410.4,1394,12.82
2.212,146.935,1252,1001,7.075,428.6,1394,9.52
6.051,203.616,1203,983,6.792,408.5,1507,10.96
3.673,220.837,1249,994.3,7.283,432,2180,10.45
6.092,232.65,1375,929.4,5.95,426.3,1457,10.66
15.178,90,859,1055.8,9.742,426.1,1907,19.83
6.465,180,1411,931.7,6.517,480.2,2187,16.47
17.932,104.484,1128,1016.4,8.258,453.5,1758,15.4
0.927,180,995,1042.6,8.15,405.4,1511,11.4
1.854,180,973,1004.1,7.75,399.5,1505,13
9.111,232.727,1118,977,6.842,406.4,1472,11.79
0.927,0,948,1060.8,8.683,421.5,1244,10.63
3.03,336.571,977,1021.3,7.908,406.6,1718,11.96
3.041,127.548,975,1040.7,8.367,408.3,1508,12.21
2.393,90,845,1069.5,9.6,424.1,1905,13.06
2.573,111.11,982,1071.9,8.608,434.6,1296,9.33
4.817,270,972,1051.2,8.058,413.2,1233,11.45
8.061,242.793,1240,993.8,7.175,443.1,1523,10.22
2.412,90,952,1036.4,7.733,408.9,1233,11.8
37.308,106.031,863,1027.6,9.55,416.7,2272,19.8
7.379,180,1253,961.7,8.008,450,2005,21.85
3.034,156.389,1401,894.3,5.633,451.9,1492,16.04
17.468,272.949,1101,995.9,7.892,436.5,2552,17.44
8.028,323.46,1389,964.1,6.142,466.1,1613,12.14
18.334,258.732,998,1161.8,11.108,566.9,1880,23.68
0.927,0,736,1181.5,10.825,485.9,1590,5.87
4.403,230.899,467,1254.7,14.658,557.2,2603,20.58
5.548,180,1241,1134.4,10.55,560.5,1987,12.81
12.61,234.629,949,1172.7,10.933,558,1581,11.9
1.129,90,554,1251.6,14.525,550,2630,15.8
1.461,129.408,551,1253.3,14.65,545,2630,18.44
23.51,94.268,896,1186.8,13.525,565.3,2728,14.91
2.457,67.838,678,1230.6,13.542,553.4,1718,15.04
20.069,192.888,1444,963.4,8.008,567.3,4459,15.09
3.007,202.411,451,1234.6,13.867,530.9,3504,29.13
3.705,180,444,1255.1,14.292,536.1,2379,25.33
13.681,131.682,1088,1147.4,10.783,543,1886,10.92
2.78,180,461,1243.4,13.242,517.1,3253,32.56
1.502,51.865,1179,1119.1,8.75,505.8,1475,5.62
2.462,247.886,522,1248.6,13.65,523.2,2460,29.15
6.543,244.948,1498,1036,6.492,474.3,1772,6.49
8.372,188.12,1516,1045.4,6.508,470.7,1627,9.62
3.705,180,617,1236.9,12.7,528.6,1841,30.21
3.585,219.192,298,1242.6,14.992,523,2232,19.91
0.927,0,735,1232.4,12.242,526.3,1402,6.56
1.163,90,730,1234.9,12.192,518.6,1607,27.52
3.903,298.331,808,1194.4,12.5,548.4,1805,14.41
5.748,80.746,1570,873.4,8.733,616.9,4135,34.09
5.184,153.141,1158,1096.2,9.233,502.9,2455,9.87
1.515,127.73,1689,947.5,4.858,441,1873,11.65
2.475,248.002,838,1167.1,11.375,557.7,3580,21.14
1.854,0,766,1183.9,11.383,470,1559,47.3
0.927,180,1424,1025.1,5.742,374.6,1860,11.64
3.902,298.337,1125,1111.8,10.75,604.4,2702,16.1
0.927,0,778,1162.4,11.408,441.3,1363,26.77
2.405,90,1239,1081.1,8.167,367.8,2144,9.43
1.515,232.274,1030,1131.8,8.842,373.6,1503,10.81
1.519,52.385,1072,1116.9,8.617,353,1603,13.42
2.406,90,1020,1135.9,8.792,352.3,1502,7.73
3.009,308.016,770,1182,10.75,414.5,1612,10.22
5.75,216.5,879,1175.5,12.3,601.2,1888,36.51
2.78,180,1006,1123.9,8.692,365.4,1642,7.25
2.487,291.886,942,1178.6,11.475,625.6,2039,24.75
1.513,307.805,875,1126.4,9.783,384.2,1515,5.42
5.339,301.309,1380,1105.7,9.675,670.7,1909,25.57
10.279,116.508,1155,1089.7,9.65,633.2,1857,37.82
4.07,117.067,1007,1107.3,8.208,322.6,1557,9.2
3.744,284.322,1031,1096.1,8.183,322.8,1843,9.37
1.522,307.522,1052,1064.5,8.275,337.2,2140,12.03
1.211,90,1045,1094.6,7.942,330.2,1843,10.12
18.606,227.686,1169,988.6,8.308,443.3,3132,14.64
3.981,242.276,698,1151.4,11.667,495.3,1651,31.02
1.495,51.678,664,1153,11.883,540.4,1793,21.92
3.691,318.838,1036,1068.1,7.95,312.2,1727,11.2
6.652,114.608,1167,1045.5,7.35,313.6,1962,11.8
0.927,180,1131,1050.1,7.492,327.2,1962,14.33
